,uid,gacha_type,cardPoolType,count,name,qualityLevel,resourceId,resourceType,time
0,101512222,4,武器调谐（常驻池）,1,源能长刃·测壹,3,21010023,武器,2024-08-05 10:43:50
1,101512222,4,武器调谐（常驻池）,1,远行者长刃·辟路,3,21010043,武器,2024-08-05 10:43:45
2,101512222,4,武器调谐（常驻池）,1,源能佩枪·测叁,3,21030023,武器,2024-08-04 22:06:54
3,101512222,4,武器调谐（常驻池）,1,源能佩枪·测叁,3,21030023,武器,2024-08-04 22:06:50
4,101512222,4,武器调谐（常驻池）,1,远行者长刃·辟路,3,21010043,武器,2024-08-04 22:06:46
5,101512222,4,武器调谐（常驻池）,1,桃祈,4,1601,角色,2024-08-04 22:06:40
6,101512222,4,武器调谐（常驻池）,1,漪澜浮录,5,21050015,武器,2024-08-04 22:06:11
7,101512222,4,武器调谐（常驻池）,1,源能臂铠·测肆,3,21040023,武器,2024-08-04 00:26:39
8,101512222,4,武器调谐（常驻池）,1,源能音感仪·测五,3,21050023,武器,2024-08-04 00:26:34
9,101512222,4,武器调谐（常驻池）,1,暗夜迅刀·黑闪,3,21020013,武器,2024-08-04 00:26:29
10,101512222,4,武器调谐（常驻池）,1,渊武,4,1303,角色,2024-08-04 00:26:25
11,101512222,4,武器调谐（常驻池）,1,源能臂铠·测肆,3,21040023,武器,2024-08-04 00:26:20
12,101512222,4,武器调谐（常驻池）,1,源能臂铠·测肆,3,21040023,武器,2024-08-04 00:26:15
13,101512222,4,武器调谐（常驻池）,1,源能音感仪·测五,3,21050023,武器,2024-08-04 00:26:10
14,101512222,4,武器调谐（常驻池）,1,暗夜长刃·玄明,3,21010013,武器,2024-08-04 00:25:47
15,101512222,4,武器调谐（常驻池）,1,远行者矩阵·探幽,3,21050043,武器,2024-08-04 00:25:47
16,101512222,4,武器调谐（常驻池）,1,暗夜佩枪·暗星,3,21030013,武器,2024-08-04 00:25:47
17,101512222,4,武器调谐（常驻池）,1,暗夜臂铠·夜芒,3,21040013,武器,2024-08-04 00:25:47
18,101512222,4,武器调谐（常驻池）,1,远行者臂铠·破障,3,21040043,武器,2024-08-04 00:25:47
19,101512222,4,武器调谐（常驻池）,1,远行者臂铠·破障,3,21040043,武器,2024-08-04 00:25:47
20,101512222,4,武器调谐（常驻池）,1,渊武,4,1303,角色,2024-08-04 00:25:47
21,101512222,4,武器调谐（常驻池）,1,丹瑾,4,1602,角色,2024-08-04 00:25:47
22,101512222,4,武器调谐（常驻池）,1,暗夜迅刀·黑闪,3,21020013,武器,2024-08-04 00:25:47
23,101512222,4,武器调谐（常驻池）,1,暗夜佩枪·暗星,3,21030013,武器,2024-08-04 00:25:47
24,101512222,4,武器调谐（常驻池）,1,暗夜矩阵·暝光,3,21050013,武器,2024-06-29 15:59:55
25,101512222,4,武器调谐（常驻池）,1,源能迅刀·测贰,3,21020023,武器,2024-06-29 15:18:51
26,101512222,2,武器精准调谐,1,源能迅刀·测贰,3,21020023,武器,2024-06-29 01:23:13
27,101512222,1,角色精准调谐,1,今汐,5,1304,角色,2024-06-28 15:39:56
28,101512222,1,角色精准调谐,1,远行者矩阵·探幽,3,21050043,武器,2024-06-28 15:39:46
29,101512222,1,角色精准调谐,1,远行者矩阵·探幽,3,21050043,武器,2024-06-28 15:39:37
30,101512222,1,角色精准调谐,1,远行者臂铠·破障,3,21040043,武器,2024-06-28 15:39:21
31,101512222,1,角色精准调谐,1,远行者长刃·辟路,3,21010043,武器,2024-06-28 15:39:21
32,101512222,1,角色精准调谐,1,暗夜佩枪·暗星,3,21030013,武器,2024-06-28 15:39:21
33,101512222,1,角色精准调谐,1,秧秧,4,1402,角色,2024-06-28 15:39:21
34,101512222,1,角色精准调谐,1,远行者长刃·辟路,3,21010043,武器,2024-06-28 15:39:21
35,101512222,1,角色精准调谐,1,暗夜臂铠·夜芒,3,21040013,武器,2024-06-28 15:39:21
36,101512222,1,角色精准调谐,1,源能迅刀·测贰,3,21020023,武器,2024-06-28 15:39:21
37,101512222,1,角色精准调谐,1,暗夜迅刀·黑闪,3,21020013,武器,2024-06-28 15:39:21
38,101512222,1,角色精准调谐,1,远行者臂铠·破障,3,21040043,武器,2024-06-28 15:39:21
39,101512222,1,角色精准调谐,1,远行者长刃·辟路,3,21010043,武器,2024-06-28 15:39:21
40,101512222,4,武器调谐（常驻池）,1,远行者矩阵·探幽,3,21050043,武器,2024-06-28 15:36:51
41,101512222,1,角色精准调谐,1,远行者迅刀·旅迹,3,21020043,武器,2024-06-28 14:58:18
42,101512222,1,角色精准调谐,1,暗夜矩阵·暝光,3,21050013,武器,2024-06-28 14:58:12
43,101512222,1,角色精准调谐,1,暗夜矩阵·暝光,3,21050013,武器,2024-06-28 14:58:07
44,101512222,1,角色精准调谐,1,散华,4,1102,角色,2024-06-28 14:58:02
45,101512222,2,武器精准调谐,1,异响空灵,4,21010024,武器,2024-06-28 14:57:19
46,101512222,2,武器精准调谐,1,远行者佩枪·洞察,3,21030043,武器,2024-06-28 14:57:15
47,101512222,2,武器精准调谐,1,源能臂铠·测肆,3,21040023,武器,2024-06-28 14:57:10
48,101512222,2,武器精准调谐,1,远行者臂铠·破障,3,21040043,武器,2024-06-28 14:57:06
49,101512222,2,武器精准调谐,1,远行者矩阵·探幽,3,21050043,武器,2024-06-28 14:57:01
50,101512222,2,武器精准调谐,1,远行者长刃·辟路,3,21010043,武器,2024-06-28 14:56:57
51,101512222,1,角色精准调谐,1,暗夜佩枪·暗星,3,21030013,武器,2024-06-28 14:56:21
52,101512222,1,角色精准调谐,1,源能迅刀·测贰,3,21020023,武器,2024-06-28 14:56:15
53,101512222,1,角色精准调谐,1,源能音感仪·测五,3,21050023,武器,2024-06-28 14:56:10
54,101512222,1,角色精准调谐,1,秧秧,4,1402,角色,2024-06-28 14:56:05
55,101512222,1,角色精准调谐,1,远行者臂铠·破障,3,21040043,武器,2024-06-28 14:56:00
56,101512222,1,角色精准调谐,1,今州守望,4,21050044,武器,2024-06-28 14:55:55
57,101512222,1,角色精准调谐,1,源能音感仪·测五,3,21050023,武器,2024-06-28 14:55:50
58,101512222,1,角色精准调谐,1,远行者臂铠·破障,3,21040043,武器,2024-06-28 14:55:43
59,101512222,1,角色精准调谐,1,源能迅刀·测贰,3,21020023,武器,2024-06-28 14:55:43
60,101512222,1,角色精准调谐,1,源能音感仪·测五,3,21050023,武器,2024-06-28 14:55:43
61,101512222,1,角色精准调谐,1,远行者迅刀·旅迹,3,21020043,武器,2024-06-28 14:55:43
62,101512222,1,角色精准调谐,1,暗夜佩枪·暗星,3,21030013,武器,2024-06-28 14:55:43
63,101512222,1,角色精准调谐,1,暗夜迅刀·黑闪,3,21020013,武器,2024-06-28 14:55:43
64,101512222,1,角色精准调谐,1,源能迅刀·测贰,3,21020023,武器,2024-06-28 14:55:43
65,101512222,1,角色精准调谐,1,暗夜迅刀·黑闪,3,21020013,武器,2024-06-28 14:55:43
66,101512222,1,角色精准调谐,1,丹瑾,4,1602,角色,2024-06-28 14:55:43
67,101512222,1,角色精准调谐,1,暗夜臂铠·夜芒,3,21040013,武器,2024-06-28 14:55:43
68,101512222,1,角色精准调谐,1,莫特斐,4,1204,角色,2024-06-28 14:55:38
69,101512222,1,角色精准调谐,1,远行者迅刀·旅迹,3,21020043,武器,2024-06-28 14:55:38
70,101512222,1,角色精准调谐,1,暗夜矩阵·暝光,3,21050013,武器,2024-06-28 14:55:38
71,101512222,1,角色精准调谐,1,暗夜矩阵·暝光,3,21050013,武器,2024-06-28 14:55:38
72,101512222,1,角色精准调谐,1,远行者佩枪·洞察,3,21030043,武器,2024-06-28 14:55:38
73,101512222,1,角色精准调谐,1,远行者佩枪·洞察,3,21030043,武器,2024-06-28 14:55:38
74,101512222,1,角色精准调谐,1,暗夜迅刀·黑闪,3,21020013,武器,2024-06-28 14:55:38
75,101512222,1,角色精准调谐,1,远行者迅刀·旅迹,3,21020043,武器,2024-06-28 14:55:38
76,101512222,1,角色精准调谐,1,暗夜臂铠·夜芒,3,21040013,武器,2024-06-28 14:55:38
77,101512222,1,角色精准调谐,1,暗夜长刃·玄明,3,21010013,武器,2024-06-28 14:55:38
78,101512222,1,角色精准调谐,1,散华,4,1102,角色,2024-06-28 14:55:31
79,101512222,1,角色精准调谐,1,秧秧,4,1402,角色,2024-06-28 14:55:31
80,101512222,1,角色精准调谐,1,远行者矩阵·探幽,3,21050043,武器,2024-06-28 14:55:31
81,101512222,1,角色精准调谐,1,暗夜臂铠·夜芒,3,21040013,武器,2024-06-28 14:55:31
82,101512222,1,角色精准调谐,1,源能佩枪·测叁,3,21030023,武器,2024-06-28 14:55:31
83,101512222,1,角色精准调谐,1,丹瑾,4,1602,角色,2024-06-28 14:55:31
84,101512222,1,角色精准调谐,1,呼啸重音,4,21040024,武器,2024-06-28 14:55:31
85,101512222,1,角色精准调谐,1,源能迅刀·测贰,3,21020023,武器,2024-06-28 14:55:31
86,101512222,1,角色精准调谐,1,源能音感仪·测五,3,21050023,武器,2024-06-28 14:55:31
87,101512222,1,角色精准调谐,1,源能长刃·测壹,3,21010023,武器,2024-06-28 14:55:31
88,101512222,1,角色精准调谐,1,远行者迅刀·旅迹,3,21020043,武器,2024-06-28 14:55:25
89,101512222,1,角色精准调谐,1,远行者臂铠·破障,3,21040043,武器,2024-06-28 14:55:25
90,101512222,1,角色精准调谐,1,暗夜矩阵·暝光,3,21050013,武器,2024-06-28 14:55:25
91,101512222,1,角色精准调谐,1,远行者臂铠·破障,3,21040043,武器,2024-06-28 14:55:25
92,101512222,1,角色精准调谐,1,远行者佩枪·洞察,3,21030043,武器,2024-06-28 14:55:25
93,101512222,1,角色精准调谐,1,远行者矩阵·探幽,3,21050043,武器,2024-06-28 14:55:25
94,101512222,1,角色精准调谐,1,秧秧,4,1402,角色,2024-06-28 14:55:25
95,101512222,1,角色精准调谐,1,源能长刃·测壹,3,21010023,武器,2024-06-28 14:55:25
96,101512222,1,角色精准调谐,1,源能佩枪·测叁,3,21030023,武器,2024-06-28 14:55:25
97,101512222,1,角色精准调谐,1,暗夜长刃·玄明,3,21010013,武器,2024-06-28 14:55:25
98,101512222,1,角色精准调谐,1,远行者长刃·辟路,3,21010043,武器,2024-06-28 14:55:04
99,101512222,1,角色精准调谐,1,暗夜臂铠·夜芒,3,21040013,武器,2024-06-28 14:55:04
100,101512222,1,角色精准调谐,1,远行者长刃·辟路,3,21010043,武器,2024-06-28 14:55:04
101,101512222,1,角色精准调谐,1,暗夜迅刀·黑闪,3,21020013,武器,2024-06-28 14:55:04
102,101512222,1,角色精准调谐,1,安可,5,1203,角色,2024-06-28 14:55:04
103,101512222,1,角色精准调谐,1,远行者矩阵·探幽,3,21050043,武器,2024-06-28 14:55:04
104,101512222,1,角色精准调谐,1,远行者佩枪·洞察,3,21030043,武器,2024-06-28 14:55:04
105,101512222,1,角色精准调谐,1,暗夜佩枪·暗星,3,21030013,武器,2024-06-28 14:55:04
106,101512222,1,角色精准调谐,1,丹瑾,4,1602,角色,2024-06-28 14:55:04
107,101512222,1,角色精准调谐,1,暗夜佩枪·暗星,3,21030013,武器,2024-06-28 14:55:04
108,101512222,1,角色精准调谐,1,源能迅刀·测贰,3,21020023,武器,2024-06-28 14:54:56
109,101512222,1,角色精准调谐,1,暗夜臂铠·夜芒,3,21040013,武器,2024-06-28 14:54:56
110,101512222,1,角色精准调谐,1,西升,4,21020064,武器,2024-06-28 14:54:56
111,101512222,1,角色精准调谐,1,远行者长刃·辟路,3,21010043,武器,2024-06-28 14:54:56
112,101512222,1,角色精准调谐,1,远行者迅刀·旅迹,3,21020043,武器,2024-06-28 14:54:56
113,101512222,1,角色精准调谐,1,源能佩枪·测叁,3,21030023,武器,2024-06-28 14:54:56
114,101512222,1,角色精准调谐,1,源能迅刀·测贰,3,21020023,武器,2024-06-28 14:54:56
115,101512222,1,角色精准调谐,1,远行者矩阵·探幽,3,21050043,武器,2024-06-28 14:54:56
116,101512222,1,角色精准调谐,1,暗夜长刃·玄明,3,21010013,武器,2024-06-28 14:54:56
117,101512222,1,角色精准调谐,1,源能佩枪·测叁,3,21030023,武器,2024-06-28 14:54:56
118,101512222,1,角色精准调谐,1,远行者佩枪·洞察,3,21030043,武器,2024-06-28 14:54:51
119,101512222,1,角色精准调谐,1,暗夜矩阵·暝光,3,21050013,武器,2024-06-28 14:54:51
120,101512222,1,角色精准调谐,1,丹瑾,4,1602,角色,2024-06-28 14:54:51
121,101512222,1,角色精准调谐,1,远行者矩阵·探幽,3,21050043,武器,2024-06-28 14:54:51
122,101512222,1,角色精准调谐,1,炽霞,4,1202,角色,2024-06-28 14:54:51
123,101512222,1,角色精准调谐,1,源能臂铠·测肆,3,21040023,武器,2024-06-28 14:54:51
124,101512222,1,角色精准调谐,1,暗夜长刃·玄明,3,21010013,武器,2024-06-28 14:54:51
125,101512222,1,角色精准调谐,1,暗夜长刃·玄明,3,21010013,武器,2024-06-28 14:54:51
126,101512222,1,角色精准调谐,1,丹瑾,4,1602,角色,2024-06-28 14:54:51
127,101512222,1,角色精准调谐,1,暗夜矩阵·暝光,3,21050013,武器,2024-06-28 14:54:51
128,101512222,1,角色精准调谐,1,暗夜长刃·玄明,3,21010013,武器,2024-06-28 14:54:42
129,101512222,1,角色精准调谐,1,源能佩枪·测叁,3,21030023,武器,2024-06-28 14:54:42
130,101512222,1,角色精准调谐,1,暗夜长刃·玄明,3,21010013,武器,2024-06-28 14:54:42
131,101512222,1,角色精准调谐,1,源能臂铠·测肆,3,21040023,武器,2024-06-28 14:54:42
132,101512222,1,角色精准调谐,1,源能臂铠·测肆,3,21040023,武器,2024-06-28 14:54:42
133,101512222,1,角色精准调谐,1,源能迅刀·测贰,3,21020023,武器,2024-06-28 14:54:42
134,101512222,1,角色精准调谐,1,源能佩枪·测叁,3,21030023,武器,2024-06-28 14:54:42
135,101512222,1,角色精准调谐,1,暗夜迅刀·黑闪,3,21020013,武器,2024-06-28 14:54:42
136,101512222,1,角色精准调谐,1,桃祈,4,1601,角色,2024-06-28 14:54:42
137,101512222,1,角色精准调谐,1,暗夜臂铠·夜芒,3,21040013,武器,2024-06-28 14:54:42
138,101512222,1,角色精准调谐,1,远行者迅刀·旅迹,3,21020043,武器,2024-06-28 14:54:36
139,101512222,1,角色精准调谐,1,远行者臂铠·破障,3,21040043,武器,2024-06-28 14:54:36
140,101512222,1,角色精准调谐,1,远行者臂铠·破障,3,21040043,武器,2024-06-28 14:54:36
141,101512222,1,角色精准调谐,1,秧秧,4,1402,角色,2024-06-28 14:54:36
142,101512222,1,角色精准调谐,1,暗夜矩阵·暝光,3,21050013,武器,2024-06-28 14:54:36
143,101512222,1,角色精准调谐,1,源能迅刀·测贰,3,21020023,武器,2024-06-28 14:54:36
144,101512222,1,角色精准调谐,1,渊武,4,1303,角色,2024-06-28 14:54:36
145,101512222,1,角色精准调谐,1,远行者长刃·辟路,3,21010043,武器,2024-06-28 14:54:36
146,101512222,1,角色精准调谐,1,暗夜臂铠·夜芒,3,21040013,武器,2024-06-28 14:54:36
147,101512222,1,角色精准调谐,1,源能音感仪·测五,3,21050023,武器,2024-06-28 14:54:36
148,101512222,4,武器调谐（常驻池）,1,暗夜迅刀·黑闪,3,21020013,武器,2024-06-23 23:45:27
149,101512222,4,武器调谐（常驻池）,1,远行者臂铠·破障,3,21040043,武器,2024-06-23 23:45:22
150,101512222,4,武器调谐（常驻池）,1,远行者佩枪·洞察,3,21030043,武器,2024-06-23 23:45:17
151,101512222,4,武器调谐（常驻池）,1,源能音感仪·测五,3,21050023,武器,2024-06-23 23:45:12
152,101512222,4,武器调谐（常驻池）,1,丹瑾,4,1602,角色,2024-06-23 23:45:03
153,101512222,4,武器调谐（常驻池）,1,暗夜臂铠·夜芒,3,21040013,武器,2024-06-23 23:44:51
154,101512222,4,武器调谐（常驻池）,1,暗夜长刃·玄明,3,21010013,武器,2024-06-23 23:44:51
155,101512222,4,武器调谐（常驻池）,1,远行者长刃·辟路,3,21010043,武器,2024-06-23 23:44:51
156,101512222,4,武器调谐（常驻池）,1,远行者迅刀·旅迹,3,21020043,武器,2024-06-23 23:44:51
157,101512222,4,武器调谐（常驻池）,1,源能音感仪·测五,3,21050023,武器,2024-06-23 23:44:51
158,101512222,4,武器调谐（常驻池）,1,远行者佩枪·洞察,3,21030043,武器,2024-06-23 23:44:51
159,101512222,4,武器调谐（常驻池）,1,暗夜长刃·玄明,3,21010013,武器,2024-06-23 23:44:51
160,101512222,4,武器调谐（常驻池）,1,源能长刃·测壹,3,21010023,武器,2024-06-23 23:44:51
161,101512222,4,武器调谐（常驻池）,1,远行者迅刀·旅迹,3,21020043,武器,2024-06-23 23:44:51
162,101512222,4,武器调谐（常驻池）,1,异度,4,21050064,武器,2024-06-23 23:44:51
163,101512222,4,武器调谐（常驻池）,1,奇幻变奏,4,21050024,武器,2024-06-18 09:56:46
164,101512222,2,武器精准调谐,1,远行者矩阵·探幽,3,21050043,武器,2024-06-15 01:00:01
165,101512222,2,武器精准调谐,1,远行者佩枪·洞察,3,21030043,武器,2024-06-15 00:59:56
166,101512222,2,武器精准调谐,1,暗夜迅刀·黑闪,3,21020013,武器,2024-06-15 00:59:51
167,101512222,2,武器精准调谐,1,源能佩枪·测叁,3,21030023,武器,2024-06-15 00:59:46
168,101512222,2,武器精准调谐,1,秋水,4,1403,角色,2024-06-15 00:59:39
169,101512222,4,武器调谐（常驻池）,1,远行者迅刀·旅迹,3,21020043,武器,2024-06-15 00:58:51
170,101512222,4,武器调谐（常驻池）,1,暗夜迅刀·黑闪,3,21020013,武器,2024-06-15 00:58:46
171,101512222,4,武器调谐（常驻池）,1,源能迅刀·测贰,3,21020023,武器,2024-06-15 00:58:41
172,101512222,4,武器调谐（常驻池）,1,源能迅刀·测贰,3,21020023,武器,2024-06-15 00:58:36
173,101512222,4,武器调谐（常驻池）,1,源能长刃·测壹,3,21010023,武器,2024-06-15 00:58:31
174,101512222,4,武器调谐（常驻池）,1,远行者矩阵·探幽,3,21050043,武器,2024-06-15 00:58:26
175,101512222,4,武器调谐（常驻池）,1,暗夜臂铠·夜芒,3,21040013,武器,2024-06-15 00:58:20
176,101512222,4,武器调谐（常驻池）,1,远行者矩阵·探幽,3,21050043,武器,2024-06-15 00:58:14
177,101512222,4,武器调谐（常驻池）,1,暗夜矩阵·暝光,3,21050013,武器,2024-06-15 00:58:07
178,101512222,6,6,1,暗夜迅刀·黑闪,3,21020013,武器,2024-06-14 16:59:33
179,101512222,6,6,1,远行者长刃·辟路,3,21010043,武器,2024-06-14 16:59:33
180,101512222,6,6,1,暗夜佩枪·暗星,3,21030013,武器,2024-06-14 16:59:33
181,101512222,6,6,1,远行者迅刀·旅迹,3,21020043,武器,2024-06-14 16:59:33
182,101512222,6,6,1,暗夜佩枪·暗星,3,21030013,武器,2024-06-14 16:59:33
183,101512222,6,6,1,源能臂铠·测肆,3,21040023,武器,2024-06-14 16:59:33
184,101512222,6,6,1,维里奈,5,1503,角色,2024-06-14 16:59:33
185,101512222,6,6,1,暗夜长刃·玄明,3,21010013,武器,2024-06-14 16:59:33
186,101512222,6,6,1,远行者佩枪·洞察,3,21030043,武器,2024-06-14 16:59:33
187,101512222,6,6,1,散华,4,1102,角色,2024-06-14 16:59:33
188,101512222,2,武器精准调谐,1,源能音感仪·测五,3,21050023,武器,2024-05-29 01:15:53
189,101512222,2,武器精准调谐,1,源能臂铠·测肆,3,21040023,武器,2024-05-29 01:15:30
190,101512222,2,武器精准调谐,1,暗夜臂铠·夜芒,3,21040013,武器,2024-05-29 01:15:24
191,101512222,2,武器精准调谐,1,远行者矩阵·探幽,3,21050043,武器,2024-05-29 01:15:17
192,101512222,2,武器精准调谐,1,远行者臂铠·破障,3,21040043,武器,2024-05-29 01:15:10
193,101512222,2,武器精准调谐,1,源能音感仪·测五,3,21050023,武器,2024-05-29 01:15:02
194,101512222,6,6,1,源能长刃·测壹,3,21010023,武器,2024-05-28 22:10:20
195,101512222,6,6,1,远行者矩阵·探幽,3,21050043,武器,2024-05-28 22:10:20
196,101512222,6,6,1,暗夜臂铠·夜芒,3,21040013,武器,2024-05-28 22:10:20
197,101512222,6,6,1,远行者迅刀·旅迹,3,21020043,武器,2024-05-28 22:10:20
198,101512222,6,6,1,远行者长刃·辟路,3,21010043,武器,2024-05-28 22:10:20
199,101512222,6,6,1,暗夜迅刀·黑闪,3,21020013,武器,2024-05-28 22:10:20
200,101512222,6,6,1,源能佩枪·测叁,3,21030023,武器,2024-05-28 22:10:20
201,101512222,6,6,1,暗夜佩枪·暗星,3,21030013,武器,2024-05-28 22:10:20
202,101512222,6,6,1,远行者长刃·辟路,3,21010043,武器,2024-05-28 22:10:20
203,101512222,6,6,1,异度,4,21050064,武器,2024-05-28 22:10:20
204,101512222,6,6,1,远行者矩阵·探幽,3,21050043,武器,2024-05-28 22:10:12
205,101512222,6,6,1,莫特斐,4,1204,角色,2024-05-28 22:10:12
206,101512222,6,6,1,飞逝,4,21030064,武器,2024-05-28 22:10:12
207,101512222,6,6,1,远行者迅刀·旅迹,3,21020043,武器,2024-05-28 22:10:12
208,101512222,6,6,1,远行者矩阵·探幽,3,21050043,武器,2024-05-28 22:10:12
209,101512222,6,6,1,远行者佩枪·洞察,3,21030043,武器,2024-05-28 22:10:12
210,101512222,6,6,1,暗夜长刃·玄明,3,21010013,武器,2024-05-28 22:10:12
211,101512222,6,6,1,暗夜臂铠·夜芒,3,21040013,武器,2024-05-28 22:10:12
212,101512222,6,6,1,暗夜臂铠·夜芒,3,21040013,武器,2024-05-28 22:10:12
213,101512222,6,6,1,暗夜矩阵·暝光,3,21050013,武器,2024-05-28 22:10:12
214,101512222,7,7,1,维里奈,5,1503,角色,2024-05-26 10:37:41
215,101512222,6,6,1,源能佩枪·测叁,3,21030023,武器,2024-05-25 01:38:40
216,101512222,6,6,1,源能音感仪·测五,3,21050023,武器,2024-05-25 01:38:40
217,101512222,6,6,1,秧秧,4,1402,角色,2024-05-25 01:38:40
218,101512222,6,6,1,暗夜迅刀·黑闪,3,21020013,武器,2024-05-25 01:38:40
219,101512222,6,6,1,暗夜臂铠·夜芒,3,21040013,武器,2024-05-25 01:38:40
220,101512222,6,6,1,暗夜佩枪·暗星,3,21030013,武器,2024-05-25 01:38:40
221,101512222,6,6,1,暗夜矩阵·暝光,3,21050013,武器,2024-05-25 01:38:40
222,101512222,6,6,1,远行者佩枪·洞察,3,21030043,武器,2024-05-25 01:38:40
223,101512222,6,6,1,暗夜矩阵·暝光,3,21050013,武器,2024-05-25 01:38:40
224,101512222,6,6,1,远行者长刃·辟路,3,21010043,武器,2024-05-25 01:38:40
225,101512222,6,6,1,暗夜长刃·玄明,3,21010013,武器,2024-05-24 23:09:20
226,101512222,6,6,1,远行者臂铠·破障,3,21040043,武器,2024-05-24 23:09:20
227,101512222,6,6,1,散华,4,1102,角色,2024-05-24 23:09:20
228,101512222,6,6,1,暗夜佩枪·暗星,3,21030013,武器,2024-05-24 23:09:20
229,101512222,6,6,1,渊武,4,1303,角色,2024-05-24 23:09:20
230,101512222,6,6,1,远行者矩阵·探幽,3,21050043,武器,2024-05-24 23:09:20
231,101512222,6,6,1,源能长刃·测壹,3,21010023,武器,2024-05-24 23:09:20
232,101512222,6,6,1,源能长刃·测壹,3,21010023,武器,2024-05-24 23:09:20
233,101512222,6,6,1,源能臂铠·测肆,3,21040023,武器,2024-05-24 23:09:20
234,101512222,6,6,1,源能臂铠·测肆,3,21040023,武器,2024-05-24 23:09:20
235,101512222,6,6,1,源能音感仪·测五,3,21050023,武器,2024-05-24 15:26:36
236,101512222,6,6,1,远行者矩阵·探幽,3,21050043,武器,2024-05-24 15:26:36
237,101512222,6,6,1,暗夜矩阵·暝光,3,21050013,武器,2024-05-24 15:26:36
238,101512222,6,6,1,暗夜长刃·玄明,3,21010013,武器,2024-05-24 15:26:36
239,101512222,6,6,1,异度,4,21050064,武器,2024-05-24 15:26:36
240,101512222,6,6,1,源能迅刀·测贰,3,21020023,武器,2024-05-24 15:26:36
241,101512222,6,6,1,源能长刃·测壹,3,21010023,武器,2024-05-24 15:26:36
242,101512222,6,6,1,暗夜长刃·玄明,3,21010013,武器,2024-05-24 15:26:36
243,101512222,6,6,1,源能音感仪·测五,3,21050023,武器,2024-05-24 15:26:36
244,101512222,6,6,1,远行者迅刀·旅迹,3,21020043,武器,2024-05-24 15:26:36
245,101512222,6,6,1,远行者臂铠·破障,3,21040043,武器,2024-05-24 15:26:29
246,101512222,6,6,1,远行者长刃·辟路,3,21010043,武器,2024-05-24 15:26:29
247,101512222,6,6,1,远行者矩阵·探幽,3,21050043,武器,2024-05-24 15:26:29
248,101512222,6,6,1,源能臂铠·测肆,3,21040023,武器,2024-05-24 15:26:29
249,101512222,6,6,1,不归孤军,4,21020044,武器,2024-05-24 15:26:29
250,101512222,6,6,1,远行者长刃·辟路,3,21010043,武器,2024-05-24 15:26:29
251,101512222,6,6,1,远行者矩阵·探幽,3,21050043,武器,2024-05-24 15:26:29
252,101512222,6,6,1,源能长刃·测壹,3,21010023,武器,2024-05-24 15:26:29
253,101512222,6,6,1,源能长刃·测壹,3,21010023,武器,2024-05-24 15:26:29
254,101512222,6,6,1,暗夜迅刀·黑闪,3,21020013,武器,2024-05-24 15:26:29
255,101512222,6,6,1,暗夜臂铠·夜芒,3,21040013,武器,2024-05-23 23:10:52
256,101512222,6,6,1,远行者佩枪·洞察,3,21030043,武器,2024-05-23 23:10:52
257,101512222,6,6,1,远行者佩枪·洞察,3,21030043,武器,2024-05-23 23:10:52
258,101512222,6,6,1,源能佩枪·测叁,3,21030023,武器,2024-05-23 23:10:52
259,101512222,6,6,1,不归孤军,4,21020044,武器,2024-05-23 23:10:52
260,101512222,6,6,1,暗夜迅刀·黑闪,3,21020013,武器,2024-05-23 23:10:52
261,101512222,6,6,1,暗夜矩阵·暝光,3,21050013,武器,2024-05-23 23:10:52
262,101512222,6,6,1,源能臂铠·测肆,3,21040023,武器,2024-05-23 23:10:52
263,101512222,6,6,1,远行者迅刀·旅迹,3,21020043,武器,2024-05-23 23:10:52
264,101512222,6,6,1,源能迅刀·测贰,3,21020023,武器,2024-05-23 23:10:52
265,101512222,5,新手调谐,1,安可,5,1203,角色,2024-05-23 17:17:01
266,101512222,5,新手调谐,1,远行者佩枪·洞察,3,21030043,武器,2024-05-23 17:17:01
267,101512222,5,新手调谐,1,源能长刃·测壹,3,21010023,武器,2024-05-23 17:17:01
268,101512222,5,新手调谐,1,暗夜佩枪·暗星,3,21030013,武器,2024-05-23 17:17:01
269,101512222,5,新手调谐,1,永夜长明,4,21010044,武器,2024-05-23 17:17:01
270,101512222,5,新手调谐,1,源能佩枪·测叁,3,21030023,武器,2024-05-23 17:17:01
271,101512222,5,新手调谐,1,暗夜迅刀·黑闪,3,21020013,武器,2024-05-23 17:17:01
272,101512222,5,新手调谐,1,源能迅刀·测贰,3,21020023,武器,2024-05-23 17:17:01
273,101512222,5,新手调谐,1,散华,4,1102,角色,2024-05-23 17:17:01
274,101512222,5,新手调谐,1,源能迅刀·测贰,3,21020023,武器,2024-05-23 17:17:01
275,101512222,5,新手调谐,1,源能迅刀·测贰,3,21020023,武器,2024-05-23 17:16:23
276,101512222,5,新手调谐,1,暗夜臂铠·夜芒,3,21040013,武器,2024-05-23 17:16:23
277,101512222,5,新手调谐,1,源能臂铠·测肆,3,21040023,武器,2024-05-23 17:16:23
278,101512222,5,新手调谐,1,远行者臂铠·破障,3,21040043,武器,2024-05-23 17:16:23
279,101512222,5,新手调谐,1,异度,4,21050064,武器,2024-05-23 17:16:23
280,101512222,5,新手调谐,1,源能佩枪·测叁,3,21030023,武器,2024-05-23 17:16:23
281,101512222,5,新手调谐,1,暗夜臂铠·夜芒,3,21040013,武器,2024-05-23 17:16:23
282,101512222,5,新手调谐,1,远行者长刃·辟路,3,21010043,武器,2024-05-23 17:16:23
283,101512222,5,新手调谐,1,秋水,4,1403,角色,2024-05-23 17:16:23
284,101512222,5,新手调谐,1,远行者长刃·辟路,3,21010043,武器,2024-05-23 17:16:23
285,101512222,5,新手调谐,1,暗夜长刃·玄明,3,21010013,武器,2024-05-23 15:46:17
286,101512222,5,新手调谐,1,源能迅刀·测贰,3,21020023,武器,2024-05-23 15:46:17
287,101512222,5,新手调谐,1,远行者佩枪·洞察,3,21030043,武器,2024-05-23 15:46:17
288,101512222,5,新手调谐,1,远行者长刃·辟路,3,21010043,武器,2024-05-23 15:46:17
289,101512222,5,新手调谐,1,源能迅刀·测贰,3,21020023,武器,2024-05-23 15:46:17
290,101512222,5,新手调谐,1,暗夜佩枪·暗星,3,21030013,武器,2024-05-23 15:46:17
291,101512222,5,新手调谐,1,渊武,4,1303,角色,2024-05-23 15:46:17
292,101512222,5,新手调谐,1,远行者佩枪·洞察,3,21030043,武器,2024-05-23 15:46:17
293,101512222,5,新手调谐,1,远行者长刃·辟路,3,21010043,武器,2024-05-23 15:46:17
294,101512222,5,新手调谐,1,远行者迅刀·旅迹,3,21020043,武器,2024-05-23 15:46:17
295,101512222,5,新手调谐,1,远行者矩阵·探幽,3,21050043,武器,2024-05-23 15:26:51
296,101512222,5,新手调谐,1,源能音感仪·测五,3,21050023,武器,2024-05-23 15:26:51
297,101512222,5,新手调谐,1,暗夜佩枪·暗星,3,21030013,武器,2024-05-23 15:26:51
298,101512222,5,新手调谐,1,永夜长明,4,21010044,武器,2024-05-23 15:26:51
299,101512222,5,新手调谐,1,远行者长刃·辟路,3,21010043,武器,2024-05-23 15:26:51
300,101512222,5,新手调谐,1,永夜长明,4,21010044,武器,2024-05-23 15:26:51
301,101512222,5,新手调谐,1,远行者矩阵·探幽,3,21050043,武器,2024-05-23 15:26:51
302,101512222,5,新手调谐,1,暗夜矩阵·暝光,3,21050013,武器,2024-05-23 15:26:51
303,101512222,5,新手调谐,1,暗夜长刃·玄明,3,21010013,武器,2024-05-23 15:26:51
304,101512222,5,新手调谐,1,源能臂铠·测肆,3,21040023,武器,2024-05-23 15:26:51
305,101512222,5,新手调谐,1,莫特斐,4,1204,角色,2024-05-23 15:26:33
306,101512222,5,新手调谐,1,源能臂铠·测肆,3,21040023,武器,2024-05-23 15:26:33
307,101512222,5,新手调谐,1,源能佩枪·测叁,3,21030023,武器,2024-05-23 15:26:33
308,101512222,5,新手调谐,1,远行者佩枪·洞察,3,21030043,武器,2024-05-23 15:26:33
309,101512222,5,新手调谐,1,远行者矩阵·探幽,3,21050043,武器,2024-05-23 15:26:33
310,101512222,5,新手调谐,1,源能长刃·测壹,3,21010023,武器,2024-05-23 15:26:33
311,101512222,5,新手调谐,1,暗夜迅刀·黑闪,3,21020013,武器,2024-05-23 15:26:33
312,101512222,5,新手调谐,1,源能长刃·测壹,3,21010023,武器,2024-05-23 15:26:33
313,101512222,5,新手调谐,1,暗夜迅刀·黑闪,3,21020013,武器,2024-05-23 15:26:33
314,101512222,5,新手调谐,1,源能长刃·测壹,3,21010023,武器,2024-05-23 15:26:33
315,101512222,3,角色调谐（常驻池）,1,白芷,4,1103,角色,2024-05-23 15:26:12
