,gacha_id,gacha_type,item_id,count,time,name,item_type,rank_type,api_id
0,2010,11,20016,1,2023-09-27 19:54:46,俱殁,光锥,3,1695813000000631474
1,2010,11,20020,1,2023-09-27 19:54:46,睿见,光锥,3,1695813000000631574
2,2010,11,20017,1,2023-09-27 19:54:46,开疆,光锥,3,1695813000000631674
3,2010,11,20017,1,2023-09-27 19:54:46,开疆,光锥,3,1695813000000631774
4,2010,11,20006,1,2023-09-27 19:54:46,智库,光锥,3,1695813000000631874
5,2010,11,20009,1,2023-09-27 19:54:46,乐圮,光锥,3,1695813000000631974
6,2010,11,20013,1,2023-09-27 19:54:46,灵钥,光锥,3,1695813000000632074
7,2010,11,20017,1,2023-09-27 19:54:46,开疆,光锥,3,1695813000000632174
8,2010,11,21008,1,2023-09-27 19:54:46,猎物的视线,光锥,4,1695813000000632274
9,2010,11,20011,1,2023-09-27 19:54:46,渊环,光锥,3,1695813000000632374
10,2010,11,20014,1,2023-09-27 19:55:08,相抗,光锥,3,1695813000000637674
11,2010,11,20005,1,2023-09-27 19:55:08,齐颂,光锥,3,1695813000000637774
12,2010,11,20007,1,2023-09-27 19:55:08,离弦,光锥,3,1695813000000637874
13,2010,11,20019,1,2023-09-27 19:55:08,调和,光锥,3,1695813000000637974
14,2010,11,20007,1,2023-09-27 19:55:08,离弦,光锥,3,1695813000000638074
15,2010,11,20013,1,2023-09-27 19:55:08,灵钥,光锥,3,1695813000000638174
16,2010,11,20016,1,2023-09-27 19:55:08,俱殁,光锥,3,1695813000000638274
17,2010,11,1106,1,2023-09-27 19:55:08,佩拉,角色,4,1695813000000638374
18,2010,11,20007,1,2023-09-27 19:55:08,离弦,光锥,3,1695813000000638474
19,2010,11,20013,1,2023-09-27 19:55:08,灵钥,光锥,3,1695813000000638574
20,2010,11,20006,1,2023-09-27 19:55:29,智库,光锥,3,1695813000000645274
21,2010,11,20014,1,2023-09-27 19:55:29,相抗,光锥,3,1695813000000645374
22,2010,11,20020,1,2023-09-27 19:55:29,睿见,光锥,3,1695813000000645474
23,2010,11,20007,1,2023-09-27 19:55:29,离弦,光锥,3,1695813000000645574
24,2010,11,20006,1,2023-09-27 19:55:29,智库,光锥,3,1695813000000645674
25,2010,11,20011,1,2023-09-27 19:55:29,渊环,光锥,3,1695813000000645774
26,2010,11,20005,1,2023-09-27 19:55:29,齐颂,光锥,3,1695813000000645874
27,2010,11,21003,1,2023-09-27 19:55:29,唯有沉默,光锥,4,1695813000000645974
28,2010,11,20000,1,2023-09-27 19:55:29,锋镝,光锥,3,1695813000000646074
29,2010,11,20017,1,2023-09-27 19:55:29,开疆,光锥,3,1695813000000646174
30,2010,11,1109,1,2023-09-27 19:55:49,虎克,角色,4,1695813000000650174
31,2010,11,20009,1,2023-09-27 19:55:54,乐圮,光锥,3,1695813000000652874
32,2010,11,20012,1,2023-09-27 19:55:59,轮契,光锥,3,1695813000000654274
33,2010,11,20020,1,2023-09-27 19:56:03,睿见,光锥,3,1695813000000654574
34,2010,11,20001,1,2023-09-27 19:56:07,物穰,光锥,3,1695813000000655174
35,2010,11,20011,1,2023-09-27 19:56:12,渊环,光锥,3,1695813000000656674
36,2010,11,20002,1,2023-09-27 19:56:16,天倾,光锥,3,1695813000000657274
37,1001,1,20005,1,2023-12-29 00:25:07,齐颂,光锥,3,1703779800001405074
38,1001,1,20011,1,2023-12-29 00:25:27,渊环,光锥,3,1703779800001418674
39,1001,1,1008,1,2023-12-29 00:25:32,阿兰,角色,4,1703779800001425374
40,1001,1,20014,1,2023-12-29 00:25:36,相抗,光锥,3,1703779800001427574
41,1001,1,20010,1,2023-12-29 00:25:40,戍御,光锥,3,1703779800001431174
42,1001,1,1103,1,2023-12-29 00:26:35,希露瓦,角色,4,1703779800001480674
43,1001,1,20010,1,2023-12-29 00:26:42,戍御,光锥,3,1703779800001488074
44,1001,1,20020,1,2023-12-29 00:26:46,睿见,光锥,3,1703779800001494274
45,1001,1,20009,1,2023-12-29 00:26:49,乐圮,光锥,3,1703779800001496874
46,1001,1,20010,1,2023-12-29 00:26:52,戍御,光锥,3,1703779800001500674
47,1001,1,20019,1,2023-12-29 00:29:06,调和,光锥,3,1703779800001588874
48,1001,1,20008,1,2023-12-29 00:29:12,嘉果,光锥,3,1703779800001593874
49,1001,1,20018,1,2023-12-29 00:29:16,匿影,光锥,3,1703779800001595074
50,1001,1,20007,1,2023-12-29 00:29:19,离弦,光锥,3,1703779800001599774
51,1001,1,21000,1,2023-12-29 20:01:34,一场术后对话,光锥,4,1703851800000126474
52,1001,1,20002,1,2023-12-29 20:01:42,天倾,光锥,3,1703851800000132774
53,1001,1,20009,1,2023-12-29 20:01:46,乐圮,光锥,3,1703851800000135574
54,1001,1,20004,1,2023-12-29 20:01:49,幽邃,光锥,3,1703851800000138974
55,2017,11,20004,1,2023-12-30 23:56:18,幽邃,光锥,3,1703949000003245574
56,2017,11,20006,1,2023-12-30 23:56:18,智库,光锥,3,1703949000003245674
57,2017,11,20018,1,2023-12-30 23:56:18,匿影,光锥,3,1703949000003245774
58,2017,11,1214,1,2023-12-30 23:56:18,雪衣,角色,4,1703949000003245874
59,2017,11,20012,1,2023-12-30 23:56:18,轮契,光锥,3,1703949000003245974
60,2017,11,20000,1,2023-12-30 23:56:18,锋镝,光锥,3,1703949000003246074
61,2017,11,20019,1,2023-12-30 23:56:18,调和,光锥,3,1703949000003246174
62,2017,11,20004,1,2023-12-30 23:56:18,幽邃,光锥,3,1703949000003246274
63,2017,11,20020,1,2023-12-30 23:56:18,睿见,光锥,3,1703949000003246374
64,2017,11,20003,1,2023-12-30 23:56:18,琥珀,光锥,3,1703949000003246474
65,1001,1,20006,1,2023-12-30 23:57:01,智库,光锥,3,1703949000003294674
66,1001,1,20000,1,2023-12-30 23:57:19,锋镝,光锥,3,1703949000003312674
67,1001,1,1105,1,2023-12-31 22:46:31,娜塔莎,角色,4,1704031800002230174
68,1001,1,20011,1,2023-12-31 22:46:31,渊环,光锥,3,1704031800002230274
69,1001,1,20011,1,2023-12-31 22:46:31,渊环,光锥,3,1704031800002230374
70,1001,1,20004,1,2023-12-31 22:46:31,幽邃,光锥,3,1704031800002230474
71,1001,1,20006,1,2023-12-31 22:46:31,智库,光锥,3,1704031800002230574
72,1001,1,20001,1,2023-12-31 22:46:31,物穰,光锥,3,1704031800002230674
73,1001,1,20009,1,2023-12-31 22:46:31,乐圮,光锥,3,1704031800002230774
74,1001,1,20007,1,2023-12-31 22:46:31,离弦,光锥,3,1704031800002230874
75,1001,1,20002,1,2023-12-31 22:46:31,天倾,光锥,3,1704031800002230974
76,1001,1,21004,1,2023-12-31 22:46:31,记忆中的模样,光锥,4,1704031800002231074
77,2017,11,20008,1,2024-01-01 16:49:07,嘉果,光锥,3,1704096600003602874
78,2017,11,20016,1,2024-01-01 16:49:12,俱殁,光锥,3,1704096600003609274
79,2017,11,21014,1,2024-01-01 16:49:17,此时恰好,光锥,4,1704096600003612974
80,2017,11,20017,1,2024-01-01 16:49:22,开疆,光锥,3,1704096600003617274
81,2017,11,20007,1,2024-01-01 16:49:25,离弦,光锥,3,1704096600003620274
82,2017,11,20013,1,2024-01-01 16:49:28,灵钥,光锥,3,1704096600003626474
83,2017,11,20016,1,2024-01-01 16:49:31,俱殁,光锥,3,1704096600003629274
84,1001,1,20006,1,2024-01-01 16:49:45,智库,光锥,3,1704096600003644274
85,1001,1,20013,1,2024-01-01 16:49:49,灵钥,光锥,3,1704096600003647274
86,1001,1,20019,1,2024-01-01 16:49:52,调和,光锥,3,1704096600003651474
87,1001,1,20001,1,2024-01-01 16:50:04,物穰,光锥,3,1704096600003669374
88,2017,11,20010,1,2024-01-01 16:51:27,戍御,光锥,3,1704096600003769774
89,2017,11,20010,1,2024-01-01 16:51:36,戍御,光锥,3,1704096600003778674
90,2017,11,20015,1,2024-01-01 16:51:44,蕃息,光锥,3,1704096600003785274
91,2017,11,20018,1,2024-01-01 16:51:50,匿影,光锥,3,1704096600003793874
92,2017,11,20006,1,2024-01-01 16:51:56,智库,光锥,3,1704096600003802874
93,2017,11,1202,1,2024-01-01 16:52:00,停云,角色,4,1704096600003810774
94,1001,1,20005,1,2024-01-01 16:52:13,齐颂,光锥,3,1704096600003821574
95,1001,1,20000,1,2024-01-02 08:19:34,锋镝,光锥,3,1704154200000474774
96,2017,11,20004,1,2024-01-02 08:19:47,幽邃,光锥,3,1704154200000480474
97,2017,11,20010,1,2024-01-02 08:19:51,戍御,光锥,3,1704154200000483874
98,2017,11,20011,1,2024-01-02 08:19:55,渊环,光锥,3,1704154200000485774
99,1001,1,20013,1,2024-01-04 00:59:32,灵钥,光锥,3,1704298200001645074
100,1001,1,20003,1,2024-01-04 00:59:41,琥珀,光锥,3,1704298200001647374
101,1001,1,1111,1,2024-01-04 00:59:45,卢卡,角色,4,1704298200001647874
102,1001,1,20013,1,2024-01-04 00:59:50,灵钥,光锥,3,1704298200001648774
103,1001,1,20004,1,2024-01-04 00:59:54,幽邃,光锥,3,1704298200001649674
104,1001,1,20017,1,2024-01-04 00:59:57,开疆,光锥,3,1704298200001650374
105,1001,1,20017,1,2024-01-05 23:28:26,开疆,光锥,3,1704467400001038374
106,2017,11,20017,1,2024-01-06 22:38:25,开疆,光锥,3,1704550200001378774
107,2017,11,20004,1,2024-01-06 22:38:37,幽邃,光锥,3,1704550200001383974
108,2017,11,20011,1,2024-01-06 22:38:45,渊环,光锥,3,1704550200001387374
109,2017,11,20019,1,2024-01-06 22:38:55,调和,光锥,3,1704550200001394874
110,2017,11,20004,1,2024-01-06 22:39:09,幽邃,光锥,3,1704550200001401874
111,2017,11,1001,1,2024-01-06 22:39:16,三月七,角色,4,1704550200001409074
112,2017,11,20002,1,2024-01-06 22:39:24,天倾,光锥,3,1704550200001414774
113,2017,11,20001,1,2024-01-06 22:39:24,物穰,光锥,3,1704550200001414874
114,2017,11,20018,1,2024-01-06 22:39:24,匿影,光锥,3,1704550200001414974
115,2017,11,20011,1,2024-01-06 22:39:24,渊环,光锥,3,1704550200001415074
116,2017,11,20013,1,2024-01-06 22:39:24,灵钥,光锥,3,1704550200001415174
117,2017,11,20000,1,2024-01-06 22:39:24,锋镝,光锥,3,1704550200001415274
118,2017,11,20015,1,2024-01-06 22:39:24,蕃息,光锥,3,1704550200001415374
119,2017,11,20008,1,2024-01-06 22:39:24,嘉果,光锥,3,1704550200001415474
120,2017,11,20005,1,2024-01-06 22:39:24,齐颂,光锥,3,1704550200001415574
121,2017,11,21001,1,2024-01-06 22:39:24,晚安与睡颜,光锥,4,1704550200001415674
122,2017,11,20019,1,2024-01-06 22:41:12,调和,光锥,3,1704550200001488774
123,2017,11,1303,1,2024-01-06 22:41:32,阮•梅,角色,5,1704550200001499874
124,1001,1,20010,1,2024-01-08 00:36:52,戍御,光锥,3,1704643800000715774
125,1001,1,20015,1,2024-01-08 00:36:56,蕃息,光锥,3,1704643800000718774
126,1001,1,20006,1,2024-01-08 00:37:27,智库,光锥,3,1704643800000735274
127,1001,1,20005,1,2024-01-08 00:37:27,齐颂,光锥,3,1704643800000735374
128,1001,1,20002,1,2024-01-08 00:37:27,天倾,光锥,3,1704643800000735474
129,1001,1,21018,1,2024-01-08 00:37:27,舞！舞！舞！,光锥,4,1704643800000735574
130,1001,1,20016,1,2024-01-08 00:37:27,俱殁,光锥,3,1704643800000735674
131,1001,1,20010,1,2024-01-08 00:37:27,戍御,光锥,3,1704643800000735774
132,1001,1,20016,1,2024-01-08 00:37:27,俱殁,光锥,3,1704643800000735874
133,1001,1,20006,1,2024-01-08 00:37:27,智库,光锥,3,1704643800000735974
134,1001,1,20007,1,2024-01-08 00:37:27,离弦,光锥,3,1704643800000736074
135,1001,1,20013,1,2024-01-08 00:37:27,灵钥,光锥,3,1704643800000736174
136,1001,1,20008,1,2024-01-08 02:02:14,嘉果,光锥,3,1704651000000016774
137,1001,1,20003,1,2024-01-08 06:10:17,琥珀,光锥,3,1704665400000068174
138,1001,1,1202,1,2024-01-08 06:42:21,停云,角色,4,1704665400000262574
139,1001,1,20010,1,2024-01-08 06:42:25,戍御,光锥,3,1704665400000263074
140,1001,1,23013,1,2024-01-08 06:42:28,时节不居,光锥,5,1704665400000263374
141,1001,1,20020,1,2024-01-08 07:58:36,睿见,光锥,3,1704669000000417074
142,1001,1,20017,1,2024-01-08 07:58:40,开疆,光锥,3,1704669000000417374
143,1001,1,20001,1,2024-01-08 07:58:44,物穰,光锥,3,1704669000000417974
144,1001,1,21013,1,2024-01-09 21:57:44,别让世界静下来,光锥,4,1704805800001274574
145,1001,1,20004,1,2024-01-09 22:03:17,幽邃,光锥,3,1704809400000081674
146,1001,1,20015,1,2024-02-14 14:47:23,蕃息,光锥,3,1707891000001584274
147,1001,1,20005,1,2024-02-14 14:47:27,齐颂,光锥,3,1707891000001585974
148,1001,1,20017,1,2024-02-14 14:47:30,开疆,光锥,3,1707891000001588474
149,1001,1,20011,1,2024-02-14 14:47:34,渊环,光锥,3,1707891000001591474
150,1001,1,20012,1,2024-02-14 14:47:58,轮契,光锥,3,1707891000001606874
151,1001,1,20000,1,2024-02-14 14:48:02,锋镝,光锥,3,1707891000001609474
152,1001,1,20008,1,2024-02-14 14:48:05,嘉果,光锥,3,1707891000001611074
153,1001,1,20019,1,2024-02-14 14:48:08,调和,光锥,3,1707891000001611774
154,1001,1,21010,1,2024-02-14 14:48:11,论剑,光锥,4,1707891000001614674
155,1001,1,20013,1,2024-02-16 21:34:31,灵钥,光锥,3,1708089000001006174
156,1001,1,20008,1,2024-02-16 21:34:39,嘉果,光锥,3,1708089000001011274
157,1001,1,20001,1,2024-02-29 01:40:28,物穰,光锥,3,1709140200000337474
158,2023,11,20009,1,2024-02-29 15:53:19,乐圮,光锥,3,1709190600007640674
159,2023,11,20013,1,2024-02-29 15:53:19,灵钥,光锥,3,1709190600007640774
160,2023,11,20011,1,2024-02-29 15:53:19,渊环,光锥,3,1709190600007640874
161,2023,11,20012,1,2024-02-29 15:53:19,轮契,光锥,3,1709190600007640974
162,2023,11,20012,1,2024-02-29 15:53:19,轮契,光锥,3,1709190600007641074
163,2023,11,20000,1,2024-02-29 15:53:19,锋镝,光锥,3,1709190600007641174
164,2023,11,20000,1,2024-02-29 15:53:19,锋镝,光锥,3,1709190600007641274
165,2023,11,1201,1,2024-02-29 15:53:19,青雀,角色,4,1709190600007641374
166,2023,11,20005,1,2024-02-29 15:53:19,齐颂,光锥,3,1709190600007641474
167,2023,11,20001,1,2024-02-29 15:53:19,物穰,光锥,3,1709190600007641574
168,2023,11,20009,1,2024-02-29 15:53:27,乐圮,光锥,3,1709190600007666674
169,2023,11,20000,1,2024-02-29 15:53:32,锋镝,光锥,3,1709190600007677474
170,2023,11,20015,1,2024-02-29 15:53:35,蕃息,光锥,3,1709190600007684474
171,2023,11,20011,1,2024-02-29 15:53:38,渊环,光锥,3,1709190600007691674
172,2023,11,20000,1,2024-02-29 15:53:41,锋镝,光锥,3,1709190600007700574
173,2023,11,20020,1,2024-02-29 15:53:43,睿见,光锥,3,1709190600007703474
174,2023,11,21002,1,2024-02-29 15:53:43,余生的第一天,光锥,4,1709190600007703574
175,2023,11,20007,1,2024-02-29 15:53:43,离弦,光锥,3,1709190600007703674
176,2023,11,20004,1,2024-02-29 15:53:43,幽邃,光锥,3,1709190600007703774
177,2023,11,20001,1,2024-02-29 15:53:43,物穰,光锥,3,1709190600007703874
178,2023,11,20020,1,2024-02-29 15:53:43,睿见,光锥,3,1709190600007703974
179,2023,11,20006,1,2024-02-29 15:53:43,智库,光锥,3,1709190600007704074
180,2023,11,20013,1,2024-02-29 15:53:43,灵钥,光锥,3,1709190600007704174
181,2023,11,20009,1,2024-02-29 15:53:43,乐圮,光锥,3,1709190600007704274
182,2023,11,1201,1,2024-02-29 15:53:43,青雀,角色,4,1709190600007704374
183,2023,11,20003,1,2024-02-29 15:53:51,琥珀,光锥,3,1709190600007716474
184,2023,11,20010,1,2024-02-29 15:53:55,戍御,光锥,3,1709190600007719774
185,2023,11,20000,1,2024-02-29 15:53:58,锋镝,光锥,3,1709190600007726774
186,2023,11,20010,1,2024-02-29 15:54:14,戍御,光锥,3,1709190600007762974
187,2023,11,20003,1,2024-02-29 15:54:17,琥珀,光锥,3,1709190600007773374
188,2023,11,20010,1,2024-02-29 15:54:20,戍御,光锥,3,1709190600007779174
189,2023,11,21007,1,2024-02-29 15:54:23,同一种心情,光锥,4,1709190600007782574
190,2023,11,20006,1,2024-02-29 15:54:31,智库,光锥,3,1709190600007794174
191,2023,11,20013,1,2024-02-29 15:54:31,灵钥,光锥,3,1709190600007794274
192,2023,11,20018,1,2024-02-29 15:54:31,匿影,光锥,3,1709190600007794374
193,2023,11,20004,1,2024-02-29 15:54:31,幽邃,光锥,3,1709190600007794474
194,2023,11,20004,1,2024-02-29 15:54:31,幽邃,光锥,3,1709190600007794574
195,2023,11,20006,1,2024-02-29 15:54:31,智库,光锥,3,1709190600007794674
196,2023,11,1306,1,2024-02-29 15:54:31,花火,角色,5,1709190600007794774
197,2023,11,20001,1,2024-02-29 15:54:31,物穰,光锥,3,1709190600007794874
198,2023,11,20004,1,2024-02-29 15:54:31,幽邃,光锥,3,1709190600007794974
199,2023,11,1108,1,2024-02-29 15:54:31,桑博,角色,4,1709190600007795074
200,1001,1,20018,1,2024-02-29 16:20:00,匿影,光锥,3,1709194200002658874
201,1001,1,20015,1,2024-03-01 15:32:03,蕃息,光锥,3,1709277000001776274
202,1001,1,20013,1,2024-03-01 15:32:08,灵钥,光锥,3,1709277000001780174
203,1001,1,20000,1,2024-03-01 15:32:13,锋镝,光锥,3,1709277000001790474
204,1001,1,20011,1,2024-03-01 15:32:16,渊环,光锥,3,1709277000001794174
205,1001,1,1009,1,2024-03-01 15:32:19,艾丝妲,角色,4,1709277000001797674
206,1001,1,20011,1,2024-03-04 04:42:01,渊环,光锥,3,1709496600000366574
207,1001,1,20017,1,2024-03-04 04:42:05,开疆,光锥,3,1709496600000367174
208,1001,1,20018,1,2024-03-04 04:42:09,匿影,光锥,3,1709496600000367374
209,1001,1,20007,1,2024-03-04 04:42:12,离弦,光锥,3,1709496600000367474
210,1001,1,20005,1,2024-03-04 04:42:15,齐颂,光锥,3,1709496600000367674
211,1001,1,20004,1,2024-03-04 23:58:36,幽邃,光锥,3,1709565000002354474
212,1001,1,20020,1,2024-03-04 23:58:39,睿见,光锥,3,1709565000002355174
213,1001,1,20001,1,2024-03-04 23:58:42,物穰,光锥,3,1709565000002355774
214,1001,1,21014,1,2024-03-05 18:47:38,此时恰好,光锥,4,1709633400000995274
215,1001,1,20011,1,2024-03-05 18:47:43,渊环,光锥,3,1709633400000996674
216,1001,1,20012,1,2024-03-05 18:47:46,轮契,光锥,3,1709633400000997174
217,1001,1,20019,1,2024-03-05 18:47:49,调和,光锥,3,1709633400000998574
218,1001,1,20019,1,2024-03-07 00:25:32,调和,光锥,3,1709741400000564274
219,1001,1,20018,1,2024-03-07 00:25:36,匿影,光锥,3,1709741400000566174
220,1001,1,20006,1,2024-03-07 00:25:39,智库,光锥,3,1709741400000566774
221,1001,1,20010,1,2024-03-07 00:25:43,戍御,光锥,3,1709741400000567674
222,1001,1,20014,1,2024-03-10 23:25:14,相抗,光锥,3,1710083400000686174
223,1001,1,1109,1,2024-03-10 23:25:18,虎克,角色,4,1710083400000688274
224,1001,1,20015,1,2024-03-10 23:25:23,蕃息,光锥,3,1710083400000689274
225,1001,1,20005,1,2024-03-12 03:18:03,齐颂,光锥,3,1710184200000056574
226,1001,1,20008,1,2024-03-12 03:18:07,嘉果,光锥,3,1710184200000056874
227,1001,1,20003,1,2024-03-12 03:56:49,琥珀,光锥,3,1710184200000290874
228,1001,1,20002,1,2024-03-12 17:36:49,天倾,光锥,3,1710234600000482674
229,1001,1,20009,1,2024-03-12 18:36:33,乐圮,光锥,3,1710238200000533874
230,1001,1,20017,1,2024-03-13 01:39:59,开疆,光锥,3,1710263400000332174
231,1001,1,20004,1,2024-03-27 22:47:50,幽邃,光锥,3,1711548600013036674
232,2025,11,20008,1,2024-03-30 09:19:25,嘉果,光锥,3,1711761000001800574
233,2025,11,20019,1,2024-03-30 09:19:25,调和,光锥,3,1711761000001800674
234,2025,11,20005,1,2024-03-30 09:19:25,齐颂,光锥,3,1711761000001800774
235,2025,11,20001,1,2024-03-30 09:19:25,物穰,光锥,3,1711761000001800874
236,2025,11,20005,1,2024-03-30 09:19:25,齐颂,光锥,3,1711761000001800974
237,2025,11,20018,1,2024-03-30 09:19:25,匿影,光锥,3,1711761000001801074
238,2025,11,20013,1,2024-03-30 09:19:25,灵钥,光锥,3,1711761000001801174
239,2025,11,20000,1,2024-03-30 09:19:25,锋镝,光锥,3,1711761000001801274
240,2025,11,21014,1,2024-03-30 09:19:25,此时恰好,光锥,4,1711761000001801374
241,2025,11,20000,1,2024-03-30 09:19:25,锋镝,光锥,3,1711761000001801474
242,2025,11,20005,1,2024-03-30 09:19:36,齐颂,光锥,3,1711761000001814174
243,2025,11,20003,1,2024-03-30 09:19:40,琥珀,光锥,3,1711761000001820974
244,2025,11,20011,1,2024-03-30 09:19:43,渊环,光锥,3,1711761000001825374
245,2025,11,20016,1,2024-03-30 09:19:48,俱殁,光锥,3,1711761000001831874
246,2025,11,20014,1,2024-03-30 09:19:52,相抗,光锥,3,1711761000001836374
247,2025,11,20018,1,2024-03-30 09:19:56,匿影,光锥,3,1711761000001842574
248,2025,11,20003,1,2024-03-30 09:20:00,琥珀,光锥,3,1711761000001851074
249,2025,11,1106,1,2024-03-30 09:20:04,佩拉,角色,4,1711761000001855174
250,2025,11,20002,1,2024-03-30 23:33:25,天倾,光锥,3,1711811400003832374
251,2025,11,20005,1,2024-03-30 23:33:25,齐颂,光锥,3,1711811400003832474
252,2025,11,20004,1,2024-03-30 23:33:25,幽邃,光锥,3,1711811400003832574
253,2025,11,20005,1,2024-03-30 23:33:25,齐颂,光锥,3,1711811400003832674
254,2025,11,20007,1,2024-03-30 23:33:25,离弦,光锥,3,1711811400003832774
255,2025,11,20013,1,2024-03-30 23:33:25,灵钥,光锥,3,1711811400003832874
256,2025,11,20017,1,2024-03-30 23:33:25,开疆,光锥,3,1711811400003832974
257,2025,11,20020,1,2024-03-30 23:33:25,睿见,光锥,3,1711811400003833074
258,2025,11,20016,1,2024-03-30 23:33:25,俱殁,光锥,3,1711811400003833174
259,2025,11,21015,1,2024-03-30 23:33:25,决心如汗珠般闪耀,光锥,4,1711811400003833274
260,2025,11,1002,1,2024-03-30 23:33:34,丹恒,角色,4,1711811400003850374
261,2025,11,20015,1,2024-03-30 23:33:34,蕃息,光锥,3,1711811400003850474
262,2025,11,20016,1,2024-03-30 23:33:34,俱殁,光锥,3,1711811400003850574
263,2025,11,20018,1,2024-03-30 23:33:34,匿影,光锥,3,1711811400003850674
264,2025,11,20016,1,2024-03-30 23:33:34,俱殁,光锥,3,1711811400003850774
265,2025,11,20011,1,2024-03-30 23:33:34,渊环,光锥,3,1711811400003850874
266,2025,11,20018,1,2024-03-30 23:33:34,匿影,光锥,3,1711811400003850974
267,2025,11,20015,1,2024-03-30 23:33:34,蕃息,光锥,3,1711811400003851074
268,2025,11,20016,1,2024-03-30 23:33:34,俱殁,光锥,3,1711811400003851174
269,2025,11,1106,1,2024-03-30 23:33:34,佩拉,角色,4,1711811400003851274
270,2025,11,20019,1,2024-03-30 23:33:43,调和,光锥,3,1711811400003868574
271,2025,11,20005,1,2024-03-30 23:33:43,齐颂,光锥,3,1711811400003868674
272,2025,11,20017,1,2024-03-30 23:33:43,开疆,光锥,3,1711811400003868774
273,2025,11,20018,1,2024-03-30 23:33:43,匿影,光锥,3,1711811400003868874
274,2025,11,20005,1,2024-03-30 23:33:43,齐颂,光锥,3,1711811400003868974
275,2025,11,20020,1,2024-03-30 23:33:43,睿见,光锥,3,1711811400003869074
276,2025,11,20009,1,2024-03-30 23:33:43,乐圮,光锥,3,1711811400003869174
277,2025,11,20002,1,2024-03-30 23:33:43,天倾,光锥,3,1711811400003869274
278,2025,11,21015,1,2024-03-30 23:33:43,决心如汗珠般闪耀,光锥,4,1711811400003869374
279,2025,11,20000,1,2024-03-30 23:33:43,锋镝,光锥,3,1711811400003869474
280,1001,1,21005,1,2024-03-30 23:33:51,鼹鼠党欢迎你,光锥,4,1711811400003882374
281,2025,11,20018,1,2024-03-30 23:34:13,匿影,光锥,3,1711811400003928074
282,2025,11,20012,1,2024-03-30 23:34:13,轮契,光锥,3,1711811400003928174
283,2025,11,20003,1,2024-03-30 23:34:13,琥珀,光锥,3,1711811400003928274
284,2025,11,20007,1,2024-03-30 23:34:13,离弦,光锥,3,1711811400003928374
285,2025,11,20006,1,2024-03-30 23:34:13,智库,光锥,3,1711811400003928474
286,2025,11,20006,1,2024-03-30 23:34:13,智库,光锥,3,1711811400003928574
287,2025,11,20006,1,2024-03-30 23:34:13,智库,光锥,3,1711811400003928674
288,2025,11,1301,1,2024-03-30 23:34:13,加拉赫,角色,4,1711811400003928774
289,2025,11,20001,1,2024-03-30 23:34:13,物穰,光锥,3,1711811400003928874
290,2025,11,20018,1,2024-03-30 23:34:13,匿影,光锥,3,1711811400003928974
291,2025,11,20018,1,2024-03-30 23:34:21,匿影,光锥,3,1711811400003943174
292,2025,11,20017,1,2024-03-30 23:34:21,开疆,光锥,3,1711811400003943274
293,2025,11,20007,1,2024-03-30 23:34:21,离弦,光锥,3,1711811400003943374
294,2025,11,20013,1,2024-03-30 23:34:21,灵钥,光锥,3,1711811400003943474
295,2025,11,20019,1,2024-03-30 23:34:21,调和,光锥,3,1711811400003943574
296,2025,11,20008,1,2024-03-30 23:34:21,嘉果,光锥,3,1711811400003943674
297,2025,11,1002,1,2024-03-30 23:34:21,丹恒,角色,4,1711811400003943774
298,2025,11,20008,1,2024-03-30 23:34:21,嘉果,光锥,3,1711811400003943874
299,2025,11,20002,1,2024-03-30 23:34:21,天倾,光锥,3,1711811400003943974
300,2025,11,20007,1,2024-03-30 23:34:21,离弦,光锥,3,1711811400003944074
301,2025,11,20000,1,2024-03-30 23:34:28,锋镝,光锥,3,1711811400003961774
302,2025,11,20019,1,2024-03-30 23:34:33,调和,光锥,3,1711811400003972574
303,2025,11,1301,1,2024-03-30 23:34:37,加拉赫,角色,4,1711811400003980874
304,2025,11,1002,1,2024-03-30 23:34:42,丹恒,角色,4,1711811400003988574
305,2025,11,20003,1,2024-03-30 23:34:42,琥珀,光锥,3,1711811400003988674
306,2025,11,21009,1,2024-03-30 23:34:42,朗道的选择,光锥,4,1711811400003988774
307,2025,11,20002,1,2024-03-30 23:34:42,天倾,光锥,3,1711811400003988874
308,2025,11,1002,1,2024-03-30 23:34:42,丹恒,角色,4,1711811400003988974
309,2025,11,1004,1,2024-03-30 23:34:42,瓦尔特,角色,5,1711811400003989074
310,2025,11,20016,1,2024-03-30 23:34:42,俱殁,光锥,3,1711811400003989174
311,2025,11,20000,1,2024-03-30 23:34:42,锋镝,光锥,3,1711811400003989274
312,2025,11,1308,1,2024-03-30 23:34:42,黄泉,角色,5,1711811400003989374
313,2025,11,20013,1,2024-03-30 23:34:42,灵钥,光锥,3,1711811400003989474
314,1001,1,20007,1,2024-04-01 01:09:54,离弦,光锥,3,1711905000000399974
315,1001,1,20013,1,2024-04-01 01:09:59,灵钥,光锥,3,1711905000000403274
316,1001,1,21015,1,2024-04-01 01:10:02,决心如汗珠般闪耀,光锥,4,1711905000000405974
317,1001,1,21003,1,2024-04-01 01:10:07,唯有沉默,光锥,4,1711905000000407574
318,1001,1,20003,1,2024-04-01 16:04:06,琥珀,光锥,3,1711959000000250574
319,1001,1,20020,1,2024-04-01 16:04:10,睿见,光锥,3,1711959000000254474
320,1001,1,20019,1,2024-04-01 16:04:13,调和,光锥,3,1711959000000256074
321,1001,1,20008,1,2024-04-01 16:04:16,嘉果,光锥,3,1711959000000260974
322,1001,1,20009,1,2024-04-01 16:04:19,乐圮,光锥,3,1711959000000267374
323,1001,1,20015,1,2024-04-01 16:04:22,蕃息,光锥,3,1711959000000269974
324,1001,1,20000,1,2024-04-01 16:04:25,锋镝,光锥,3,1711959000000272074
325,1001,1,20020,1,2024-04-02 04:50:52,睿见,光锥,3,1712002200002125874
326,1001,1,1110,1,2024-04-02 04:50:56,玲可,角色,4,1712002200002129674
327,1001,1,20011,1,2024-04-04 00:08:53,渊环,光锥,3,1712160600000789074
328,1001,1,20015,1,2024-04-04 00:08:57,蕃息,光锥,3,1712160600000792574
329,1001,1,20017,1,2024-04-04 00:09:00,开疆,光锥,3,1712160600000798474
330,1001,1,20009,1,2024-04-04 00:09:03,乐圮,光锥,3,1712160600000802074
331,1001,1,20003,1,2024-04-04 00:12:18,琥珀,光锥,3,1712160600001062574
332,1001,1,20006,1,2024-04-04 00:12:22,智库,光锥,3,1712160600001072974
333,1001,1,20010,1,2024-04-04 00:13:22,戍御,光锥,3,1712160600001162474
334,1001,1,20019,1,2024-04-06 19:56:29,调和,光锥,3,1712401800002247074
335,1001,1,21008,1,2024-04-06 19:56:35,猎物的视线,光锥,4,1712401800002250474
336,1001,1,20001,1,2024-04-06 19:56:39,物穰,光锥,3,1712401800002251374
337,1001,1,20001,1,2024-04-08 11:15:01,物穰,光锥,3,1712545800000449474
338,1001,1,20007,1,2024-04-10 01:23:19,离弦,光锥,3,1712682600000503774
339,1001,1,1107,1,2024-04-10 01:24:32,克拉拉,角色,5,1712682600000527274
340,1001,1,20015,1,2024-04-10 17:53:58,蕃息,光锥,3,1712740200001223974
341,1001,1,20002,1,2024-04-10 17:53:58,天倾,光锥,3,1712740200001224074
342,1001,1,20005,1,2024-04-10 17:53:58,齐颂,光锥,3,1712740200001224174
343,1001,1,20013,1,2024-04-10 17:53:58,灵钥,光锥,3,1712740200001224274
344,1001,1,1215,1,2024-04-10 17:53:58,寒鸦,角色,4,1712740200001224374
345,1001,1,20013,1,2024-04-10 17:53:58,灵钥,光锥,3,1712740200001224474
346,1001,1,20004,1,2024-04-10 17:53:58,幽邃,光锥,3,1712740200001224574
347,1001,1,20006,1,2024-04-10 17:53:58,智库,光锥,3,1712740200001224674
348,1001,1,20020,1,2024-04-10 17:53:58,睿见,光锥,3,1712740200001224774
349,1001,1,20009,1,2024-04-10 17:53:58,乐圮,光锥,3,1712740200001224874
350,1001,1,21004,1,2024-04-15 02:12:54,记忆中的模样,光锥,4,1713118200000131174
351,1001,1,20010,1,2024-04-16 00:49:33,戍御,光锥,3,1713197400001567674
352,2027,11,20010,1,2024-04-17 18:57:01,戍御,光锥,3,1713348600005151174
353,2027,11,20016,1,2024-04-17 18:57:06,俱殁,光锥,3,1713348600005162274
354,2027,11,20001,1,2024-04-17 18:57:09,物穰,光锥,3,1713348600005170474
355,2027,11,20007,1,2024-04-17 18:57:41,离弦,光锥,3,1713348600005214574
356,2027,11,21012,1,2024-04-17 18:57:45,秘密誓心,光锥,4,1713348600005217874
357,2027,11,20017,1,2024-04-17 18:57:45,开疆,光锥,3,1713348600005217974
358,2027,11,1111,1,2024-04-17 18:57:45,卢卡,角色,4,1713348600005218074
359,2027,11,20018,1,2024-04-17 18:57:45,匿影,光锥,3,1713348600005218174
360,2027,11,20012,1,2024-04-17 18:57:45,轮契,光锥,3,1713348600005218274
361,2027,11,20020,1,2024-04-17 18:57:45,睿见,光锥,3,1713348600005218374
362,2027,11,20010,1,2024-04-17 18:57:45,戍御,光锥,3,1713348600005218474
363,2027,11,20008,1,2024-04-17 18:57:45,嘉果,光锥,3,1713348600005218574
364,2027,11,20015,1,2024-04-17 18:57:45,蕃息,光锥,3,1713348600005218674
365,2027,11,20010,1,2024-04-17 18:57:45,戍御,光锥,3,1713348600005218774
366,2027,11,20016,1,2024-04-17 18:58:04,俱殁,光锥,3,1713348600005236974
367,2027,11,20019,1,2024-04-17 18:58:07,调和,光锥,3,1713348600005242374
368,2027,11,1103,1,2024-04-17 18:58:10,希露瓦,角色,4,1713348600005246674
369,1001,1,20007,1,2024-04-19 00:25:29,离弦,光锥,3,1713456600000794474
370,1001,1,20016,1,2024-04-27 11:05:13,俱殁,光锥,3,1714187400000218274
371,1001,1,20000,1,2024-04-27 11:05:18,锋镝,光锥,3,1714187400000221674
372,1001,1,20019,1,2024-05-01 01:10:13,调和,光锥,3,1714497000000238774
373,1001,1,20009,1,2024-05-01 01:10:17,乐圮,光锥,3,1714497000000240574
374,1001,1,20019,1,2024-05-01 01:10:20,调和,光锥,3,1714497000000242374
375,1001,1,20006,1,2024-05-01 02:44:57,智库,光锥,3,1714500600000663874
376,1001,1,21012,1,2024-05-01 02:45:01,秘密誓心,光锥,4,1714500600000664274
377,1001,1,20020,1,2024-05-01 02:45:04,睿见,光锥,3,1714500600000664774
378,1001,1,20001,1,2024-05-01 02:46:47,物穰,光锥,3,1714500600000682974
379,1001,1,20000,1,2024-05-01 23:16:48,锋镝,光锥,3,1714576200000972274
380,1001,1,20000,1,2024-05-01 23:16:52,锋镝,光锥,3,1714576200000974974
381,1001,1,20020,1,2024-05-01 23:16:55,睿见,光锥,3,1714576200000977274
382,1001,1,20012,1,2024-05-01 23:16:58,轮契,光锥,3,1714576200000979374
383,1001,1,20015,1,2024-05-01 23:17:01,蕃息,光锥,3,1714576200000984474
384,1001,1,20014,1,2024-05-07 23:10:36,相抗,光锥,3,1715094600000094374
385,2029,11,20018,1,2024-05-08 10:28:09,匿影,光锥,3,1715134200022100674
386,2029,11,20007,1,2024-05-08 10:28:09,离弦,光锥,3,1715134200022100774
387,2029,11,20013,1,2024-05-08 10:28:09,灵钥,光锥,3,1715134200022100874
388,2029,11,20001,1,2024-05-08 10:28:09,物穰,光锥,3,1715134200022100974
389,2029,11,20005,1,2024-05-08 10:28:09,齐颂,光锥,3,1715134200022101074
390,2029,11,20014,1,2024-05-08 10:28:09,相抗,光锥,3,1715134200022101174
391,2029,11,20006,1,2024-05-08 10:28:09,智库,光锥,3,1715134200022101274
392,2029,11,20014,1,2024-05-08 10:28:09,相抗,光锥,3,1715134200022101374
393,2029,11,20007,1,2024-05-08 10:28:09,离弦,光锥,3,1715134200022101474
394,2029,11,21013,1,2024-05-08 10:28:09,别让世界静下来,光锥,4,1715134200022101574
395,2029,11,20003,1,2024-05-08 10:29:00,琥珀,光锥,3,1715134200022921574
396,2029,11,20006,1,2024-05-08 10:29:00,智库,光锥,3,1715134200022921674
397,2029,11,20020,1,2024-05-08 10:29:00,睿见,光锥,3,1715134200022921774
398,2029,11,20005,1,2024-05-08 10:29:00,齐颂,光锥,3,1715134200022921874
399,2029,11,20018,1,2024-05-08 10:29:00,匿影,光锥,3,1715134200022921974
400,2029,11,20004,1,2024-05-08 10:29:00,幽邃,光锥,3,1715134200022922074
401,2029,11,20002,1,2024-05-08 10:29:00,天倾,光锥,3,1715134200022922174
402,2029,11,20009,1,2024-05-08 10:29:00,乐圮,光锥,3,1715134200022922274
403,2029,11,1224,1,2024-05-08 10:29:00,三月七,角色,4,1715134200022922374
404,2029,11,20018,1,2024-05-08 10:29:00,匿影,光锥,3,1715134200022922474
405,2029,11,20010,1,2024-05-08 10:29:08,戍御,光锥,3,1715134200023039574
406,2029,11,20010,1,2024-05-08 10:29:12,戍御,光锥,3,1715134200023096374
407,2029,11,20005,1,2024-05-08 10:29:16,齐颂,光锥,3,1715134200023158974
408,2029,11,20014,1,2024-05-08 10:29:20,相抗,光锥,3,1715134200023206574
409,2029,11,20010,1,2024-05-08 10:29:23,戍御,光锥,3,1715134200023257574
410,2029,11,20014,1,2024-05-08 10:29:29,相抗,光锥,3,1715134200023348374
411,2029,11,20004,1,2024-05-08 10:29:32,幽邃,光锥,3,1715134200023398874
412,2029,11,21016,1,2024-05-08 10:29:36,宇宙市场趋势,光锥,4,1715134200023453674
413,2029,11,1215,1,2024-05-08 10:29:50,寒鸦,角色,4,1715134200023656774
414,2029,11,21020,1,2024-05-08 10:29:50,天才们的休憩,光锥,4,1715134200023656874
415,2029,11,20001,1,2024-05-08 10:29:50,物穰,光锥,3,1715134200023656974
416,2029,11,20019,1,2024-05-08 10:29:50,调和,光锥,3,1715134200023657074
417,2029,11,20018,1,2024-05-08 10:29:50,匿影,光锥,3,1715134200023657174
418,2029,11,20019,1,2024-05-08 10:29:50,调和,光锥,3,1715134200023657274
419,2029,11,20012,1,2024-05-08 10:29:50,轮契,光锥,3,1715134200023657374
420,2029,11,20020,1,2024-05-08 10:29:50,睿见,光锥,3,1715134200023657474
421,2029,11,20009,1,2024-05-08 10:29:50,乐圮,光锥,3,1715134200023657574
422,2029,11,20015,1,2024-05-08 10:29:50,蕃息,光锥,3,1715134200023657674
423,2029,11,1215,1,2024-05-08 10:29:58,寒鸦,角色,4,1715134200023755874
424,2029,11,20017,1,2024-05-08 10:46:09,开疆,光锥,3,1715134200036622174
425,2029,11,20020,1,2024-05-08 10:46:09,睿见,光锥,3,1715134200036622274
426,2029,11,20008,1,2024-05-08 10:46:09,嘉果,光锥,3,1715134200036622374
427,2029,11,20006,1,2024-05-08 10:46:09,智库,光锥,3,1715134200036622474
428,2029,11,20012,1,2024-05-08 10:46:09,轮契,光锥,3,1715134200036622574
429,2029,11,20015,1,2024-05-08 10:46:09,蕃息,光锥,3,1715134200036622674
430,2029,11,20018,1,2024-05-08 10:46:09,匿影,光锥,3,1715134200036622774
431,2029,11,20005,1,2024-05-08 10:46:09,齐颂,光锥,3,1715134200036622874
432,2029,11,1215,1,2024-05-08 10:46:09,寒鸦,角色,4,1715134200036622974
433,2029,11,20008,1,2024-05-08 10:46:09,嘉果,光锥,3,1715134200036623074
434,2029,11,20018,1,2024-05-08 10:46:37,匿影,光锥,3,1715134200036953174
435,2029,11,20009,1,2024-05-08 10:46:41,乐圮,光锥,3,1715134200036996574
436,2029,11,20005,1,2024-05-08 10:46:45,齐颂,光锥,3,1715134200037039174
437,2029,11,20008,1,2024-05-08 10:46:49,嘉果,光锥,3,1715134200037085574
438,2029,11,20002,1,2024-05-08 10:46:52,天倾,光锥,3,1715134200037115974
439,2029,11,20018,1,2024-05-08 10:46:55,匿影,光锥,3,1715134200037142474
440,2029,11,20002,1,2024-05-08 10:46:59,天倾,光锥,3,1715134200037190074
441,2029,11,21013,1,2024-05-08 10:47:03,别让世界静下来,光锥,4,1715134200037226874
442,2029,11,20011,1,2024-05-08 10:47:27,渊环,光锥,3,1715134200037482474
443,2029,11,20008,1,2024-05-08 10:47:27,嘉果,光锥,3,1715134200037482574
444,2029,11,1101,1,2024-05-08 10:47:27,布洛妮娅,角色,5,1715134200037482674
445,2029,11,20002,1,2024-05-08 10:47:27,天倾,光锥,3,1715134200037482774
446,2029,11,20014,1,2024-05-08 10:47:27,相抗,光锥,3,1715134200037482874
447,2029,11,20009,1,2024-05-08 10:47:27,乐圮,光锥,3,1715134200037482974
448,2029,11,20004,1,2024-05-08 10:47:27,幽邃,光锥,3,1715134200037483074
449,2029,11,20014,1,2024-05-08 10:47:27,相抗,光锥,3,1715134200037483174
450,2029,11,20004,1,2024-05-08 10:47:27,幽邃,光锥,3,1715134200037483274
451,2029,11,1214,1,2024-05-08 10:47:27,雪衣,角色,4,1715134200037483374
452,2029,11,20004,1,2024-05-08 10:48:22,幽邃,光锥,3,1715134200038084374
453,2029,11,20007,1,2024-05-08 10:48:22,离弦,光锥,3,1715134200038084474
454,2029,11,20014,1,2024-05-08 10:48:22,相抗,光锥,3,1715134200038084574
455,2029,11,20015,1,2024-05-08 10:48:22,蕃息,光锥,3,1715134200038084674
456,2029,11,20019,1,2024-05-08 10:48:22,调和,光锥,3,1715134200038084774
457,2029,11,21020,1,2024-05-08 10:48:22,天才们的休憩,光锥,4,1715134200038084874
458,2029,11,20008,1,2024-05-08 10:48:22,嘉果,光锥,3,1715134200038084974
459,2029,11,20003,1,2024-05-08 10:48:22,琥珀,光锥,3,1715134200038085074
460,2029,11,20000,1,2024-05-08 10:48:22,锋镝,光锥,3,1715134200038085174
461,2029,11,20009,1,2024-05-08 10:48:22,乐圮,光锥,3,1715134200038085274
462,2029,11,20020,1,2024-05-08 10:48:29,睿见,光锥,3,1715134200038162774
463,2029,11,20017,1,2024-05-08 10:48:33,开疆,光锥,3,1715134200038222674
464,2029,11,20001,1,2024-05-08 10:48:36,物穰,光锥,3,1715134200038249774
465,2029,11,20014,1,2024-05-08 10:48:40,相抗,光锥,3,1715134200038301674
466,2029,11,1215,1,2024-05-08 10:48:44,寒鸦,角色,4,1715134200038342574
467,2029,11,20010,1,2024-05-08 10:49:16,戍御,光锥,3,1715134200038714974
468,2029,11,1215,1,2024-05-08 10:49:16,寒鸦,角色,4,1715134200038715074
469,2029,11,20015,1,2024-05-08 10:49:16,蕃息,光锥,3,1715134200038715174
470,2029,11,20006,1,2024-05-08 10:49:16,智库,光锥,3,1715134200038715274
471,2029,11,20019,1,2024-05-08 10:49:16,调和,光锥,3,1715134200038715374
472,2029,11,20016,1,2024-05-08 10:49:16,俱殁,光锥,3,1715134200038715474
473,2029,11,20019,1,2024-05-08 10:49:16,调和,光锥,3,1715134200038715574
474,2029,11,20014,1,2024-05-08 10:49:16,相抗,光锥,3,1715134200038715674
475,2029,11,20015,1,2024-05-08 10:49:16,蕃息,光锥,3,1715134200038715774
476,2029,11,20008,1,2024-05-08 10:49:16,嘉果,光锥,3,1715134200038715874
477,2029,11,20013,1,2024-05-08 10:49:22,灵钥,光锥,3,1715134200038784174
478,2029,11,1215,1,2024-05-08 10:49:25,寒鸦,角色,4,1715134200038819774
479,1001,1,1109,1,2024-05-08 10:58:02,虎克,角色,4,1715134200044130074
480,1001,1,20017,1,2024-05-08 10:58:07,开疆,光锥,3,1715134200044179374
481,1001,1,20012,1,2024-05-08 10:58:10,轮契,光锥,3,1715134200044204774
482,1001,1,20008,1,2024-05-10 01:53:52,嘉果,光锥,3,1715274600001527974
483,1001,1,1103,1,2024-05-12 15:41:11,希露瓦,角色,4,1715497800002078474
484,1001,1,20003,1,2024-05-12 15:41:11,琥珀,光锥,3,1715497800002078574
485,1001,1,20006,1,2024-05-12 15:41:11,智库,光锥,3,1715497800002078674
486,1001,1,20012,1,2024-05-12 15:41:11,轮契,光锥,3,1715497800002078774
487,1001,1,20002,1,2024-05-12 15:41:11,天倾,光锥,3,1715497800002078874
488,1001,1,20012,1,2024-05-12 15:41:11,轮契,光锥,3,1715497800002078974
489,1001,1,20014,1,2024-05-12 15:41:11,相抗,光锥,3,1715497800002079074
490,1001,1,20002,1,2024-05-12 15:41:11,天倾,光锥,3,1715497800002079174
491,1001,1,20005,1,2024-05-12 15:41:11,齐颂,光锥,3,1715497800002079274
492,1001,1,21008,1,2024-05-12 15:41:11,猎物的视线,光锥,4,1715497800002079374
493,1001,1,20010,1,2024-05-12 15:41:18,戍御,光锥,3,1715497800002085474
494,1001,1,20005,1,2024-05-13 17:01:16,齐颂,光锥,3,1715591400000029474
495,1001,1,20019,1,2024-05-13 17:03:06,调和,光锥,3,1715591400000074374
496,1001,1,20003,1,2024-05-14 12:04:39,琥珀,光锥,3,1715659800000148874
497,1001,1,20006,1,2024-05-17 17:09:04,智库,光锥,3,1715937000000195974
498,1001,1,20018,1,2024-05-17 17:09:08,匿影,光锥,3,1715937000000196674
499,1001,1,20012,1,2024-05-20 22:19:29,轮契,光锥,3,1716214200000596974
500,1001,1,21008,1,2024-05-20 22:19:34,猎物的视线,光锥,4,1716214200000599174
501,1001,1,20004,1,2024-05-20 22:19:37,幽邃,光锥,3,1716214200000599874
502,1001,1,20018,1,2024-05-28 17:14:38,匿影,光锥,3,1716887400000157974
503,2032,11,20003,1,2024-05-29 23:56:50,琥珀,光锥,3,1716995400003871674
504,2032,11,20010,1,2024-05-29 23:56:50,戍御,光锥,3,1716995400003871774
505,2032,11,20013,1,2024-05-29 23:56:50,灵钥,光锥,3,1716995400003871874
506,2032,11,20006,1,2024-05-29 23:56:50,智库,光锥,3,1716995400003871974
507,2032,11,20018,1,2024-05-29 23:56:50,匿影,光锥,3,1716995400003872074
508,2032,11,20020,1,2024-05-29 23:56:50,睿见,光锥,3,1716995400003872174
509,2032,11,20006,1,2024-05-29 23:56:50,智库,光锥,3,1716995400003872274
510,2032,11,20010,1,2024-05-29 23:56:50,戍御,光锥,3,1716995400003872374
511,2032,11,20003,1,2024-05-29 23:56:50,琥珀,光锥,3,1716995400003872474
512,2032,11,21009,1,2024-05-29 23:56:50,朗道的选择,光锥,4,1716995400003872574
513,2032,11,20013,1,2024-05-29 23:57:12,灵钥,光锥,3,1716995400003886874
514,2032,11,20001,1,2024-05-29 23:57:12,物穰,光锥,3,1716995400003886974
515,2032,11,20012,1,2024-05-29 23:57:12,轮契,光锥,3,1716995400003887074
516,2032,11,20011,1,2024-05-29 23:57:12,渊环,光锥,3,1716995400003887174
517,2032,11,20016,1,2024-05-29 23:57:12,俱殁,光锥,3,1716995400003887274
518,2032,11,20016,1,2024-05-29 23:57:12,俱殁,光锥,3,1716995400003887374
519,2032,11,20019,1,2024-05-29 23:57:12,调和,光锥,3,1716995400003887474
520,2032,11,20008,1,2024-05-29 23:57:12,嘉果,光锥,3,1716995400003887574
521,2032,11,1111,1,2024-05-29 23:57:12,卢卡,角色,4,1716995400003887674
522,2032,11,20016,1,2024-05-29 23:57:12,俱殁,光锥,3,1716995400003887774
523,2032,11,20016,1,2024-05-29 23:57:19,俱殁,光锥,3,1716995400003893274
524,2032,11,20008,1,2024-05-29 23:57:32,嘉果,光锥,3,1716995400003903874
525,2032,11,20016,1,2024-05-29 23:57:37,俱殁,光锥,3,1716995400003906974
526,2032,11,20020,1,2024-05-29 23:57:41,睿见,光锥,3,1716995400003910374
527,2032,11,20005,1,2024-05-29 23:57:44,齐颂,光锥,3,1716995400003912074
528,2032,11,20003,1,2024-05-29 23:57:48,琥珀,光锥,3,1716995400003915274
529,2032,11,20015,1,2024-05-29 23:57:52,蕃息,光锥,3,1716995400003918074
530,2032,11,20000,1,2024-05-29 23:57:55,锋镝,光锥,3,1716995400003918874
531,2032,11,1111,1,2024-05-29 23:57:59,卢卡,角色,4,1716995400003925574
532,2032,11,20009,1,2024-05-29 23:58:31,乐圮,光锥,3,1716995400003973574
533,2032,11,21042,1,2024-05-29 23:58:36,铭记于心的约定,光锥,4,1716995400003978674
534,2032,11,20014,1,2024-05-29 23:58:36,相抗,光锥,3,1716995400003978774
535,2032,11,20000,1,2024-05-29 23:58:36,锋镝,光锥,3,1716995400003978874
536,2032,11,20010,1,2024-05-29 23:58:36,戍御,光锥,3,1716995400003978974
537,2032,11,20018,1,2024-05-29 23:58:36,匿影,光锥,3,1716995400003979074
538,2032,11,20009,1,2024-05-29 23:58:36,乐圮,光锥,3,1716995400003979174
539,2032,11,1109,1,2024-05-29 23:58:36,虎克,角色,4,1716995400003979274
540,2032,11,20007,1,2024-05-29 23:58:36,离弦,光锥,3,1716995400003979374
541,2032,11,20008,1,2024-05-29 23:58:36,嘉果,光锥,3,1716995400003979474
542,2032,11,20006,1,2024-05-29 23:58:36,智库,光锥,3,1716995400003979574
543,2032,11,20013,1,2024-05-29 23:58:54,灵钥,光锥,3,1716995400003997874
544,2032,11,20005,1,2024-05-29 23:58:57,齐颂,光锥,3,1716995400004000774
545,2032,11,20020,1,2024-05-29 23:59:01,睿见,光锥,3,1716995400004003574
546,2032,11,20011,1,2024-05-29 23:59:04,渊环,光锥,3,1716995400004006774
547,2032,11,20001,1,2024-05-29 23:59:08,物穰,光锥,3,1716995400004010974
548,2032,11,1009,1,2024-05-29 23:59:11,艾丝妲,角色,4,1716995400004013974
549,2032,11,1208,1,2024-05-29 23:59:17,符玄,角色,5,1716995400004021574
550,2032,11,20002,1,2024-05-29 23:59:17,天倾,光锥,3,1716995400004021674
551,2032,11,20013,1,2024-05-29 23:59:17,灵钥,光锥,3,1716995400004021774
552,2032,11,20002,1,2024-05-29 23:59:17,天倾,光锥,3,1716995400004021874
553,2032,11,20017,1,2024-05-29 23:59:17,开疆,光锥,3,1716995400004021974
554,2032,11,20000,1,2024-05-29 23:59:17,锋镝,光锥,3,1716995400004022074
555,2032,11,20016,1,2024-05-29 23:59:17,俱殁,光锥,3,1716995400004022174
556,2032,11,20000,1,2024-05-29 23:59:17,锋镝,光锥,3,1716995400004022274
557,2032,11,1106,1,2024-05-29 23:59:17,佩拉,角色,4,1716995400004022374
558,2032,11,20009,1,2024-05-29 23:59:17,乐圮,光锥,3,1716995400004022474
559,2032,11,20007,1,2024-05-29 23:59:54,离弦,光锥,3,1716995400004064274
560,2032,11,20000,1,2024-05-29 23:59:58,锋镝,光锥,3,1716995400004068074
561,2032,11,20007,1,2024-05-30 00:00:01,离弦,光锥,3,1716999000000000474
562,2032,11,20016,1,2024-05-30 00:00:04,俱殁,光锥,3,1716999000000002074
563,2032,11,20012,1,2024-05-30 00:00:08,轮契,光锥,3,1716999000000007174
564,2032,11,20004,1,2024-05-30 00:00:11,幽邃,光锥,3,1716999000000008074
565,2032,11,20000,1,2024-05-30 00:00:15,锋镝,光锥,3,1716999000000014774
566,2032,11,21017,1,2024-05-30 00:00:18,点个关注吧！,光锥,4,1716999000000017674
567,2032,11,20006,1,2024-05-30 00:00:28,智库,光锥,3,1716999000000028374
568,2032,11,20014,1,2024-05-30 00:00:28,相抗,光锥,3,1716999000000028474
569,2032,11,20019,1,2024-05-30 00:00:28,调和,光锥,3,1716999000000028574
570,2032,11,20005,1,2024-05-30 00:00:28,齐颂,光锥,3,1716999000000028674
571,2032,11,20016,1,2024-05-30 00:00:28,俱殁,光锥,3,1716999000000028774
572,2032,11,20015,1,2024-05-30 00:00:28,蕃息,光锥,3,1716999000000028874
573,2032,11,20020,1,2024-05-30 00:00:28,睿见,光锥,3,1716999000000028974
574,2032,11,20004,1,2024-05-30 00:00:28,幽邃,光锥,3,1716999000000029074
575,2032,11,20001,1,2024-05-30 00:00:28,物穰,光锥,3,1716999000000029174
576,2032,11,1106,1,2024-05-30 00:00:28,佩拉,角色,4,1716999000000029274
577,1001,1,20015,1,2024-05-30 00:04:34,蕃息,光锥,3,1716999000000271174
578,1001,1,20013,1,2024-05-30 15:32:24,灵钥,光锥,3,1717053000000465974
579,1001,1,20020,1,2024-05-30 15:32:28,睿见,光锥,3,1717053000000467874
580,1001,1,1301,1,2024-06-01 01:32:36,加拉赫,角色,4,1717175400000585374
581,1001,1,20015,1,2024-06-01 06:46:27,蕃息,光锥,3,1717193400001598074
582,1001,1,21001,1,2024-06-01 06:46:30,晚安与睡颜,光锥,4,1717193400001598974
583,1001,1,20004,1,2024-06-01 06:46:34,幽邃,光锥,3,1717193400001601174
584,1001,1,20001,1,2024-06-01 06:46:37,物穰,光锥,3,1717193400001602074
585,1001,1,20012,1,2024-06-01 06:46:40,轮契,光锥,3,1717193400001603074
586,1001,1,20002,1,2024-06-16 18:12:12,天倾,光锥,3,1718532600000138074
587,1001,1,20019,1,2024-06-16 18:12:16,调和,光锥,3,1718532600000139774
588,1001,1,20000,1,2024-06-16 23:29:27,锋镝,光锥,3,1718550600000429374
589,1001,1,20008,1,2024-06-17 15:16:51,嘉果,光锥,3,1718608200000156374
590,2033,11,20003,1,2024-06-19 11:26:09,琥珀,光锥,3,1718766600061510274
591,2033,11,20017,1,2024-06-19 11:26:09,开疆,光锥,3,1718766600061510374
592,2033,11,20006,1,2024-06-19 11:26:09,智库,光锥,3,1718766600061510474
593,2033,11,20016,1,2024-06-19 11:26:09,俱殁,光锥,3,1718766600061510574
594,2033,11,20014,1,2024-06-19 11:26:09,相抗,光锥,3,1718766600061510674
595,2033,11,20013,1,2024-06-19 11:26:09,灵钥,光锥,3,1718766600061510774
596,2033,11,20005,1,2024-06-19 11:26:09,齐颂,光锥,3,1718766600061510874
597,2033,11,20018,1,2024-06-19 11:26:09,匿影,光锥,3,1718766600061510974
598,2033,11,20019,1,2024-06-19 11:26:09,调和,光锥,3,1718766600061511074
599,2033,11,1214,1,2024-06-19 11:26:09,雪衣,角色,4,1718766600061511174
600,2033,11,20006,1,2024-06-19 11:26:30,智库,光锥,3,1718766600062123174
601,2033,11,20015,1,2024-06-19 11:26:30,蕃息,光锥,3,1718766600062123274
602,2033,11,20018,1,2024-06-19 11:26:30,匿影,光锥,3,1718766600062123374
603,2033,11,20018,1,2024-06-19 11:26:30,匿影,光锥,3,1718766600062123474
604,2033,11,20020,1,2024-06-19 11:26:30,睿见,光锥,3,1718766600062123574
605,2033,11,20017,1,2024-06-19 11:26:30,开疆,光锥,3,1718766600062123674
606,2033,11,20011,1,2024-06-19 11:26:30,渊环,光锥,3,1718766600062123774
607,2033,11,20020,1,2024-06-19 11:26:30,睿见,光锥,3,1718766600062123874
608,2033,11,20016,1,2024-06-19 11:26:30,俱殁,光锥,3,1718766600062123974
609,2033,11,21013,1,2024-06-19 11:26:30,别让世界静下来,光锥,4,1718766600062124074
610,2033,11,20001,1,2024-06-19 11:27:11,物穰,光锥,3,1718766600063363774
611,2033,11,20017,1,2024-06-19 11:27:11,开疆,光锥,3,1718766600063363874
612,2033,11,20014,1,2024-06-19 11:27:11,相抗,光锥,3,1718766600063363974
613,2033,11,20008,1,2024-06-19 11:27:11,嘉果,光锥,3,1718766600063364074
614,2033,11,20004,1,2024-06-19 11:27:11,幽邃,光锥,3,1718766600063364174
615,2033,11,20014,1,2024-06-19 11:27:11,相抗,光锥,3,1718766600063364274
616,2033,11,20001,1,2024-06-19 11:27:11,物穰,光锥,3,1718766600063364374
617,2033,11,20016,1,2024-06-19 11:27:11,俱殁,光锥,3,1718766600063364474
618,2033,11,1214,1,2024-06-19 11:27:11,雪衣,角色,4,1718766600063364574
619,2033,11,20000,1,2024-06-19 11:27:11,锋镝,光锥,3,1718766600063364674
620,2033,11,20018,1,2024-06-19 11:27:29,匿影,光锥,3,1718766600063862874
621,2033,11,20000,1,2024-06-19 11:27:33,锋镝,光锥,3,1718766600063985174
622,2033,11,20002,1,2024-06-19 11:27:36,天倾,光锥,3,1718766600064071874
623,2033,11,1312,1,2024-06-19 11:27:39,米沙,角色,4,1718766600064154874
624,2033,11,20005,1,2024-06-19 11:27:43,齐颂,光锥,3,1718766600064273674
625,2033,11,21043,1,2024-06-19 11:27:43,两个人的演唱会,光锥,4,1718766600064273774
626,2033,11,20014,1,2024-06-19 11:27:43,相抗,光锥,3,1718766600064273874
627,2033,11,20013,1,2024-06-19 11:27:43,灵钥,光锥,3,1718766600064273974
628,2033,11,20003,1,2024-06-19 11:27:43,琥珀,光锥,3,1718766600064274074
629,2033,11,20018,1,2024-06-19 11:27:43,匿影,光锥,3,1718766600064274174
630,2033,11,20019,1,2024-06-19 11:27:43,调和,光锥,3,1718766600064274274
631,2033,11,20011,1,2024-06-19 11:27:43,渊环,光锥,3,1718766600064274374
632,2033,11,20014,1,2024-06-19 11:27:43,相抗,光锥,3,1718766600064274474
633,2033,11,20005,1,2024-06-19 11:27:43,齐颂,光锥,3,1718766600064274574
634,2033,11,1301,1,2024-06-19 11:27:50,加拉赫,角色,4,1718766600064469374
635,2033,11,20003,1,2024-06-19 11:27:54,琥珀,光锥,3,1718766600064570874
636,2033,11,20014,1,2024-06-19 11:27:54,相抗,光锥,3,1718766600064570974
637,2033,11,20018,1,2024-06-19 11:27:54,匿影,光锥,3,1718766600064571074
638,2033,11,20011,1,2024-06-19 11:27:54,渊环,光锥,3,1718766600064571174
639,2033,11,20017,1,2024-06-19 11:27:54,开疆,光锥,3,1718766600064571274
640,2033,11,1003,1,2024-06-19 11:27:54,姬子,角色,5,1718766600064571374
641,2033,11,20002,1,2024-06-19 11:27:54,天倾,光锥,3,1718766600064571474
642,2033,11,20019,1,2024-06-19 11:27:54,调和,光锥,3,1718766600064571574
643,2033,11,20011,1,2024-06-19 11:27:54,渊环,光锥,3,1718766600064571674
644,2033,11,1214,1,2024-06-19 11:27:54,雪衣,角色,4,1718766600064571774
645,2033,11,20000,1,2024-06-19 11:28:34,锋镝,光锥,3,1718766600065587574
646,2033,11,20017,1,2024-06-19 11:28:34,开疆,光锥,3,1718766600065587674
647,2033,11,20013,1,2024-06-19 11:28:34,灵钥,光锥,3,1718766600065587774
648,2033,11,20015,1,2024-06-19 11:28:34,蕃息,光锥,3,1718766600065587874
649,2033,11,20010,1,2024-06-19 11:28:34,戍御,光锥,3,1718766600065587974
650,2033,11,20014,1,2024-06-19 11:28:34,相抗,光锥,3,1718766600065588074
651,2033,11,20004,1,2024-06-19 11:28:34,幽邃,光锥,3,1718766600065588174
652,2033,11,20016,1,2024-06-19 11:28:34,俱殁,光锥,3,1718766600065588274
653,2033,11,1312,1,2024-06-19 11:28:34,米沙,角色,4,1718766600065588374
654,2033,11,20015,1,2024-06-19 11:28:34,蕃息,光锥,3,1718766600065588474
655,2033,11,20015,1,2024-06-19 11:28:40,蕃息,光锥,3,1718766600065752074
656,2033,11,20006,1,2024-06-19 11:28:40,智库,光锥,3,1718766600065752174
657,2033,11,20019,1,2024-06-19 11:28:40,调和,光锥,3,1718766600065752274
658,2033,11,20019,1,2024-06-19 11:28:40,调和,光锥,3,1718766600065752374
659,2033,11,20019,1,2024-06-19 11:28:40,调和,光锥,3,1718766600065752474
660,2033,11,20013,1,2024-06-19 11:28:40,灵钥,光锥,3,1718766600065752574
661,2033,11,20004,1,2024-06-19 11:28:40,幽邃,光锥,3,1718766600065752674
662,2033,11,1301,1,2024-06-19 11:28:40,加拉赫,角色,4,1718766600065752774
663,2033,11,20001,1,2024-06-19 11:28:40,物穰,光锥,3,1718766600065752874
664,2033,11,20007,1,2024-06-19 11:28:40,离弦,光锥,3,1718766600065752974
665,2033,11,20006,1,2024-06-19 11:28:58,智库,光锥,3,1718766600066263574
666,2033,11,20005,1,2024-06-19 11:28:58,齐颂,光锥,3,1718766600066263674
667,2033,11,20008,1,2024-06-19 11:28:58,嘉果,光锥,3,1718766600066263774
668,2033,11,20009,1,2024-06-19 11:28:58,乐圮,光锥,3,1718766600066263874
669,2033,11,21012,1,2024-06-19 11:28:58,秘密誓心,光锥,4,1718766600066263974
670,2033,11,20017,1,2024-06-19 11:28:58,开疆,光锥,3,1718766600066264074
671,2033,11,20005,1,2024-06-19 11:28:58,齐颂,光锥,3,1718766600066264174
672,2033,11,20016,1,2024-06-19 11:28:58,俱殁,光锥,3,1718766600066264274
673,2033,11,1214,1,2024-06-19 11:28:58,雪衣,角色,4,1718766600066264374
674,2033,11,20004,1,2024-06-19 11:28:58,幽邃,光锥,3,1718766600066264474
675,2033,11,20002,1,2024-06-19 11:29:45,天倾,光锥,3,1718766600067595974
676,2033,11,20010,1,2024-06-19 11:29:45,戍御,光锥,3,1718766600067596074
677,2033,11,20015,1,2024-06-19 11:29:45,蕃息,光锥,3,1718766600067596174
678,2033,11,20001,1,2024-06-19 11:29:45,物穰,光锥,3,1718766600067596274
679,2033,11,20007,1,2024-06-19 11:29:45,离弦,光锥,3,1718766600067596374
680,2033,11,20020,1,2024-06-19 11:29:45,睿见,光锥,3,1718766600067596474
681,2033,11,20007,1,2024-06-19 11:29:45,离弦,光锥,3,1718766600067596574
682,2033,11,1109,1,2024-06-19 11:29:45,虎克,角色,4,1718766600067596674
683,2033,11,20011,1,2024-06-19 11:29:45,渊环,光锥,3,1718766600067596774
684,2033,11,20006,1,2024-06-19 11:29:45,智库,光锥,3,1718766600067596874
685,2033,11,20001,1,2024-06-19 11:29:49,物穰,光锥,3,1718766600067698574
686,2033,11,20010,1,2024-06-19 11:29:49,戍御,光锥,3,1718766600067698674
687,2033,11,20019,1,2024-06-19 11:29:49,调和,光锥,3,1718766600067698774
688,2033,11,20018,1,2024-06-19 11:29:49,匿影,光锥,3,1718766600067698874
689,2033,11,20015,1,2024-06-19 11:29:49,蕃息,光锥,3,1718766600067698974
690,2033,11,20012,1,2024-06-19 11:29:49,轮契,光锥,3,1718766600067699074
691,2033,11,1301,1,2024-06-19 11:29:49,加拉赫,角色,4,1718766600067699174
692,2033,11,20019,1,2024-06-19 11:29:49,调和,光锥,3,1718766600067699274
693,2033,11,20001,1,2024-06-19 11:29:49,物穰,光锥,3,1718766600067699374
694,2033,11,20019,1,2024-06-19 11:29:49,调和,光锥,3,1718766600067699474
695,2033,11,20020,1,2024-06-19 11:29:53,睿见,光锥,3,1718766600067807774
696,2033,11,20019,1,2024-06-19 11:29:53,调和,光锥,3,1718766600067807874
697,2033,11,20009,1,2024-06-19 11:29:53,乐圮,光锥,3,1718766600067807974
698,2033,11,20020,1,2024-06-19 11:29:53,睿见,光锥,3,1718766600067808074
699,2033,11,20012,1,2024-06-19 11:29:53,轮契,光锥,3,1718766600067808174
700,2033,11,20014,1,2024-06-19 11:29:53,相抗,光锥,3,1718766600067808274
701,2033,11,21000,1,2024-06-19 11:29:53,一场术后对话,光锥,4,1718766600067808374
702,2033,11,20018,1,2024-06-19 11:29:53,匿影,光锥,3,1718766600067808474
703,2033,11,20001,1,2024-06-19 11:29:53,物穰,光锥,3,1718766600067808574
704,2033,11,20000,1,2024-06-19 11:29:53,锋镝,光锥,3,1718766600067808674
705,2033,11,20002,1,2024-06-19 11:30:00,天倾,光锥,3,1718766600068000874
706,2033,11,20006,1,2024-06-19 11:30:00,智库,光锥,3,1718766600068000974
707,2033,11,20008,1,2024-06-19 11:30:00,嘉果,光锥,3,1718766600068001074
708,2033,11,20011,1,2024-06-19 11:30:00,渊环,光锥,3,1718766600068001174
709,2033,11,20010,1,2024-06-19 11:30:00,戍御,光锥,3,1718766600068001274
710,2033,11,1214,1,2024-06-19 11:30:00,雪衣,角色,4,1718766600068001374
711,2033,11,20014,1,2024-06-19 11:30:00,相抗,光锥,3,1718766600068001474
712,2033,11,20005,1,2024-06-19 11:30:00,齐颂,光锥,3,1718766600068001574
713,2033,11,20011,1,2024-06-19 11:30:00,渊环,光锥,3,1718766600068001674
714,2033,11,20014,1,2024-06-19 11:30:00,相抗,光锥,3,1718766600068001774
715,2033,11,20008,1,2024-06-19 11:30:07,嘉果,光锥,3,1718766600068182874
716,2033,11,20011,1,2024-06-19 11:30:07,渊环,光锥,3,1718766600068182974
717,2033,11,1310,1,2024-06-19 11:30:07,流萤,角色,5,1718766600068183074
718,2033,11,1109,1,2024-06-19 11:30:07,虎克,角色,4,1718766600068183174
719,2033,11,20009,1,2024-06-19 11:30:07,乐圮,光锥,3,1718766600068183274
720,2033,11,20006,1,2024-06-19 11:30:07,智库,光锥,3,1718766600068183374
721,2033,11,20014,1,2024-06-19 11:30:07,相抗,光锥,3,1718766600068183474
722,2033,11,20020,1,2024-06-19 11:30:07,睿见,光锥,3,1718766600068183574
723,2033,11,1301,1,2024-06-19 11:30:07,加拉赫,角色,4,1718766600068183674
724,2033,11,20012,1,2024-06-19 11:30:07,轮契,光锥,3,1718766600068183774
725,1001,1,20011,1,2024-06-19 11:43:35,渊环,光锥,3,1718766600088185674
726,1001,1,20015,1,2024-06-20 11:54:54,蕃息,光锥,3,1718853000004919374
727,1001,1,21010,1,2024-06-20 11:54:59,论剑,光锥,4,1718853000004925774
728,1001,1,20004,1,2024-06-21 17:02:22,幽邃,光锥,3,1718961000000220574
729,1001,1,20019,1,2024-06-24 23:47:46,调和,光锥,3,1719241800002768774
730,1001,1,20005,1,2024-06-25 10:44:46,齐颂,光锥,3,1719281400002309474
731,1001,1,20019,1,2024-06-27 15:44:16,调和,光锥,3,1719472200001107374
732,1001,1,20004,1,2024-06-27 15:44:20,幽邃,光锥,3,1719472200001109274
733,1001,1,20003,1,2024-07-02 16:58:53,琥珀,光锥,3,1719907800001642274
734,1001,1,20019,1,2024-07-02 16:58:57,调和,光锥,3,1719907800001644774
735,1001,1,20006,1,2024-07-02 16:59:01,智库,光锥,3,1719907800001647574
736,1001,1,1008,1,2024-07-02 16:59:06,阿兰,角色,4,1719907800001651274
737,1001,1,20011,1,2024-07-02 16:59:10,渊环,光锥,3,1719907800001653274
738,1001,1,20017,1,2024-07-02 16:59:13,开疆,光锥,3,1719907800001655874
739,1001,1,23002,1,2024-07-03 19:07:48,无可取代的东西,光锥,5,1720005000000199074
740,1001,1,20009,1,2024-07-03 19:07:54,乐圮,光锥,3,1720005000000202674
741,1001,1,20006,1,2024-07-23 23:46:20,智库,光锥,3,1721747400000542674
742,1001,1,20001,1,2024-07-24 15:09:18,物穰,光锥,3,1721805000000084174
743,1001,1,20012,1,2024-07-26 16:29:57,轮契,光锥,3,1721981400000250774
744,1001,1,20011,1,2024-07-29 14:00:05,渊环,光锥,3,1722233400000000574
745,2038,11,20014,1,2024-07-31 12:24:15,相抗,光锥,3,1722399000006698974
746,2038,11,20017,1,2024-07-31 12:24:20,开疆,光锥,3,1722399000006721774
747,2038,11,20013,1,2024-07-31 12:24:23,灵钥,光锥,3,1722399000006733874
748,2038,11,20007,1,2024-07-31 12:24:26,离弦,光锥,3,1722399000006748774
749,2038,11,20013,1,2024-07-31 12:24:30,灵钥,光锥,3,1722399000006768174
750,2038,11,20008,1,2024-07-31 12:24:33,嘉果,光锥,3,1722399000006782774
751,2038,11,20001,1,2024-07-31 12:24:36,物穰,光锥,3,1722399000006798474
752,2038,11,1110,1,2024-07-31 12:24:39,玲可,角色,4,1722399000006808874
753,2038,11,20010,1,2024-07-31 12:24:43,戍御,光锥,3,1722399000006822274
754,2038,11,20000,1,2024-07-31 12:24:43,锋镝,光锥,3,1722399000006822374
755,2038,11,20018,1,2024-07-31 12:24:43,匿影,光锥,3,1722399000006822474
756,2038,11,20006,1,2024-07-31 12:24:43,智库,光锥,3,1722399000006822574
757,2038,11,20007,1,2024-07-31 12:24:43,离弦,光锥,3,1722399000006822674
758,2038,11,20007,1,2024-07-31 12:24:43,离弦,光锥,3,1722399000006822774
759,2038,11,20010,1,2024-07-31 12:24:43,戍御,光锥,3,1722399000006822874
760,2038,11,20004,1,2024-07-31 12:24:43,幽邃,光锥,3,1722399000006822974
761,2038,11,1215,1,2024-07-31 12:24:43,寒鸦,角色,4,1722399000006823074
762,2038,11,20003,1,2024-07-31 12:24:43,琥珀,光锥,3,1722399000006823174
763,2038,11,20003,1,2024-07-31 12:24:48,琥珀,光锥,3,1722399000006843574
764,2038,11,20002,1,2024-07-31 12:24:51,天倾,光锥,3,1722399000006862274
765,2038,11,20017,1,2024-07-31 12:24:54,开疆,光锥,3,1722399000006881774
766,2038,11,20001,1,2024-07-31 12:24:57,物穰,光锥,3,1722399000006898374
767,2038,11,20017,1,2024-07-31 12:25:00,开疆,光锥,3,1722399000006910574
768,2038,11,20017,1,2024-07-31 12:25:05,开疆,光锥,3,1722399000006927774
769,2038,11,20001,1,2024-07-31 12:25:16,物穰,光锥,3,1722399000006980374
770,2038,11,1215,1,2024-07-31 12:25:21,寒鸦,角色,4,1722399000007000074
771,2038,11,20011,1,2024-07-31 12:25:26,渊环,光锥,3,1722399000007027774
772,2038,11,20017,1,2024-07-31 12:25:26,开疆,光锥,3,1722399000007027874
773,2038,11,20003,1,2024-07-31 12:25:26,琥珀,光锥,3,1722399000007027974
774,2038,11,20000,1,2024-07-31 12:25:26,锋镝,光锥,3,1722399000007028074
775,2038,11,20010,1,2024-07-31 12:25:26,戍御,光锥,3,1722399000007028174
776,2038,11,20009,1,2024-07-31 12:25:26,乐圮,光锥,3,1722399000007028274
777,2038,11,20018,1,2024-07-31 12:25:26,匿影,光锥,3,1722399000007028374
778,2038,11,20008,1,2024-07-31 12:25:26,嘉果,光锥,3,1722399000007028474
779,2038,11,1207,1,2024-07-31 12:25:26,驭空,角色,4,1722399000007028574
780,2038,11,20017,1,2024-07-31 12:25:26,开疆,光锥,3,1722399000007028674
781,2038,11,20016,1,2024-07-31 12:25:40,俱殁,光锥,3,1722399000007098774
782,2038,11,20004,1,2024-07-31 12:25:44,幽邃,光锥,3,1722399000007111474
783,2038,11,20003,1,2024-07-31 12:25:48,琥珀,光锥,3,1722399000007129774
784,2038,11,20001,1,2024-07-31 12:25:52,物穰,光锥,3,1722399000007150474
785,2038,11,20017,1,2024-07-31 12:25:56,开疆,光锥,3,1722399000007172074
786,2038,11,20005,1,2024-07-31 12:25:59,齐颂,光锥,3,1722399000007180074
787,2038,11,20019,1,2024-07-31 12:26:03,调和,光锥,3,1722399000007196074
788,2038,11,1110,1,2024-07-31 12:26:07,玲可,角色,4,1722399000007210574
789,2038,11,20006,1,2024-07-31 12:26:13,智库,光锥,3,1722399000007235974
790,2038,11,21017,1,2024-07-31 12:26:13,点个关注吧！,光锥,4,1722399000007236074
791,2038,11,20011,1,2024-07-31 12:26:13,渊环,光锥,3,1722399000007236174
792,2038,11,20000,1,2024-07-31 12:26:13,锋镝,光锥,3,1722399000007236274
793,2038,11,20008,1,2024-07-31 12:26:13,嘉果,光锥,3,1722399000007236374
794,2038,11,20012,1,2024-07-31 12:26:13,轮契,光锥,3,1722399000007236474
795,2038,11,20005,1,2024-07-31 12:26:13,齐颂,光锥,3,1722399000007236574
796,2038,11,20012,1,2024-07-31 12:26:13,轮契,光锥,3,1722399000007236674
797,2038,11,20009,1,2024-07-31 12:26:13,乐圮,光锥,3,1722399000007236774
798,2038,11,20000,1,2024-07-31 12:26:13,锋镝,光锥,3,1722399000007236874
799,2038,11,1110,1,2024-07-31 12:26:19,玲可,角色,4,1722399000007257774
800,2038,11,20020,1,2024-07-31 12:26:28,睿见,光锥,3,1722399000007304874
801,2038,11,20019,1,2024-07-31 12:26:28,调和,光锥,3,1722399000007304974
802,2038,11,20018,1,2024-07-31 12:26:28,匿影,光锥,3,1722399000007305074
803,2038,11,20015,1,2024-07-31 12:26:28,蕃息,光锥,3,1722399000007305174
804,2038,11,20004,1,2024-07-31 12:26:28,幽邃,光锥,3,1722399000007305274
805,2038,11,20004,1,2024-07-31 12:26:28,幽邃,光锥,3,1722399000007305374
806,2038,11,20010,1,2024-07-31 12:26:28,戍御,光锥,3,1722399000007305474
807,2038,11,20016,1,2024-07-31 12:26:28,俱殁,光锥,3,1722399000007305574
808,2038,11,20015,1,2024-07-31 12:26:28,蕃息,光锥,3,1722399000007305674
809,2038,11,21018,1,2024-07-31 12:26:28,舞！舞！舞！,光锥,4,1722399000007305774
810,2038,11,20008,1,2024-07-31 12:26:34,嘉果,光锥,3,1722399000007323474
811,2038,11,20009,1,2024-07-31 12:26:34,乐圮,光锥,3,1722399000007323574
812,2038,11,1207,1,2024-07-31 12:26:34,驭空,角色,4,1722399000007323674
813,2038,11,20017,1,2024-07-31 12:26:34,开疆,光锥,3,1722399000007323774
814,2038,11,1217,1,2024-07-31 12:26:34,藿藿,角色,5,1722399000007323874
815,2038,11,20017,1,2024-07-31 12:26:34,开疆,光锥,3,1722399000007323974
816,2038,11,20016,1,2024-07-31 12:26:34,俱殁,光锥,3,1722399000007324074
817,2038,11,20005,1,2024-07-31 12:26:34,齐颂,光锥,3,1722399000007324174
818,2038,11,1107,1,2024-07-31 12:26:34,克拉拉,角色,5,1722399000007324274
819,2038,11,20006,1,2024-07-31 12:26:34,智库,光锥,3,1722399000007324374
820,2038,11,20016,1,2024-07-31 12:26:51,俱殁,光锥,3,1722399000007379874
821,2038,11,1105,1,2024-07-31 12:26:51,娜塔莎,角色,4,1722399000007379974
822,2038,11,1110,1,2024-07-31 12:26:51,玲可,角色,4,1722399000007380074
823,2038,11,20019,1,2024-07-31 12:26:51,调和,光锥,3,1722399000007380174
824,2038,11,20009,1,2024-07-31 12:26:51,乐圮,光锥,3,1722399000007380274
825,2038,11,20010,1,2024-07-31 12:26:51,戍御,光锥,3,1722399000007380374
826,2038,11,20017,1,2024-07-31 12:26:51,开疆,光锥,3,1722399000007380474
827,2038,11,20018,1,2024-07-31 12:26:51,匿影,光锥,3,1722399000007380574
828,2038,11,20001,1,2024-07-31 12:26:51,物穰,光锥,3,1722399000007380674
829,2038,11,20009,1,2024-07-31 12:26:51,乐圮,光锥,3,1722399000007380774
830,2038,11,20014,1,2024-07-31 12:26:59,相抗,光锥,3,1722399000007406874
831,2038,11,20015,1,2024-07-31 12:27:03,蕃息,光锥,3,1722399000007422774
832,2038,11,21001,1,2024-07-31 12:27:07,晚安与睡颜,光锥,4,1722399000007436674
833,1001,1,20007,1,2024-07-31 12:29:43,离弦,光锥,3,1722399000008106274
834,1001,1,21006,1,2024-07-31 12:29:46,「我」的诞生,光锥,4,1722399000008120974
835,1001,1,20000,1,2024-07-31 12:29:50,锋镝,光锥,3,1722399000008140774
836,1001,1,20017,1,2024-08-01 00:07:41,开疆,光锥,3,1722442200000600874
837,1001,1,20007,1,2024-08-01 00:07:45,离弦,光锥,3,1722442200000602874
838,1001,1,20009,1,2024-08-01 00:07:48,乐圮,光锥,3,1722442200000604874
839,2037,11,20010,1,2024-08-01 00:50:41,戍御,光锥,3,1722442200002964274
840,2037,11,20017,1,2024-08-01 00:50:41,开疆,光锥,3,1722442200002964374
841,2037,11,20012,1,2024-08-01 00:50:41,轮契,光锥,3,1722442200002964474
842,2037,11,20013,1,2024-08-01 00:50:41,灵钥,光锥,3,1722442200002964574
843,2037,11,20012,1,2024-08-01 00:50:41,轮契,光锥,3,1722442200002964674
844,2037,11,20006,1,2024-08-01 00:50:41,智库,光锥,3,1722442200002964774
845,2037,11,20008,1,2024-08-01 00:50:41,嘉果,光锥,3,1722442200002964874
846,2037,11,20013,1,2024-08-01 00:50:41,灵钥,光锥,3,1722442200002964974
847,2037,11,1207,1,2024-08-01 00:50:41,驭空,角色,4,1722442200002965074
848,2037,11,1111,1,2024-08-01 00:50:41,卢卡,角色,4,1722442200002965174
849,2037,11,20020,1,2024-08-01 00:55:33,睿见,光锥,3,1722442200003199474
850,2037,11,20005,1,2024-08-01 00:55:33,齐颂,光锥,3,1722442200003199574
851,2037,11,1110,1,2024-08-01 00:55:33,玲可,角色,4,1722442200003199674
852,2037,11,21007,1,2024-08-01 00:55:33,同一种心情,光锥,4,1722442200003199774
853,2037,11,20009,1,2024-08-01 00:55:33,乐圮,光锥,3,1722442200003199874
854,2037,11,20015,1,2024-08-01 00:55:33,蕃息,光锥,3,1722442200003199974
855,2037,11,20008,1,2024-08-01 00:55:33,嘉果,光锥,3,1722442200003200074
856,2037,11,20010,1,2024-08-01 00:55:33,戍御,光锥,3,1722442200003200174
857,2037,11,20007,1,2024-08-01 00:55:33,离弦,光锥,3,1722442200003200274
858,2037,11,20007,1,2024-08-01 00:55:33,离弦,光锥,3,1722442200003200374
859,2037,11,20012,1,2024-08-01 00:55:42,轮契,光锥,3,1722442200003204974
860,2037,11,20012,1,2024-08-01 00:55:45,轮契,光锥,3,1722442200003205674
861,2037,11,20015,1,2024-08-01 00:55:49,蕃息,光锥,3,1722442200003208274
862,2037,11,1215,1,2024-08-01 00:55:52,寒鸦,角色,4,1722442200003209974
863,2037,11,20007,1,2024-08-01 00:55:56,离弦,光锥,3,1722442200003211874
864,2037,11,20016,1,2024-08-01 00:55:56,俱殁,光锥,3,1722442200003211974
865,2037,11,20011,1,2024-08-01 00:55:56,渊环,光锥,3,1722442200003212074
866,2037,11,20000,1,2024-08-01 00:55:56,锋镝,光锥,3,1722442200003212174
867,2037,11,1215,1,2024-08-01 00:55:56,寒鸦,角色,4,1722442200003212274
868,2037,11,20012,1,2024-08-01 00:55:56,轮契,光锥,3,1722442200003212374
869,2037,11,21012,1,2024-08-01 00:55:56,秘密誓心,光锥,4,1722442200003212474
870,2037,11,20012,1,2024-08-01 00:55:56,轮契,光锥,3,1722442200003212574
871,2037,11,20006,1,2024-08-01 00:55:56,智库,光锥,3,1722442200003212674
872,2037,11,20016,1,2024-08-01 00:55:56,俱殁,光锥,3,1722442200003212774
873,2037,11,20002,1,2024-08-01 00:56:05,天倾,光锥,3,1722442200003217974
874,2037,11,20012,1,2024-08-01 00:56:08,轮契,光锥,3,1722442200003219874
875,2037,11,20015,1,2024-08-01 00:56:11,蕃息,光锥,3,1722442200003220874
876,2037,11,1110,1,2024-08-01 00:56:15,玲可,角色,4,1722442200003222774
877,2037,11,20020,1,2024-08-01 00:57:05,睿见,光锥,3,1722442200003255774
878,2037,11,20018,1,2024-08-01 00:57:05,匿影,光锥,3,1722442200003255874
879,2037,11,20020,1,2024-08-01 00:57:05,睿见,光锥,3,1722442200003255974
880,2037,11,20014,1,2024-08-01 00:57:05,相抗,光锥,3,1722442200003256074
881,2037,11,20013,1,2024-08-01 00:57:05,灵钥,光锥,3,1722442200003256174
882,2037,11,20018,1,2024-08-01 00:57:05,匿影,光锥,3,1722442200003256274
883,2037,11,20014,1,2024-08-01 00:57:05,相抗,光锥,3,1722442200003256374
884,2037,11,20010,1,2024-08-01 00:57:05,戍御,光锥,3,1722442200003256474
885,2037,11,1103,1,2024-08-01 00:57:05,希露瓦,角色,4,1722442200003256574
886,2037,11,20020,1,2024-08-01 00:57:05,睿见,光锥,3,1722442200003256674
887,2037,11,20020,1,2024-08-01 12:27:10,睿见,光锥,3,1722485400002460874
888,2037,11,20014,1,2024-08-01 12:27:15,相抗,光锥,3,1722485400002470674
889,2037,11,20005,1,2024-08-01 12:27:18,齐颂,光锥,3,1722485400002475474
890,2037,11,20014,1,2024-08-01 12:27:21,相抗,光锥,3,1722485400002482574
891,2037,11,20012,1,2024-08-01 12:27:24,轮契,光锥,3,1722485400002486274
892,2037,11,20000,1,2024-08-01 12:27:27,锋镝,光锥,3,1722485400002492574
893,2037,11,20019,1,2024-08-01 12:27:32,调和,光锥,3,1722485400002501874
894,1001,1,20001,1,2024-08-01 12:27:38,物穰,光锥,3,1722485400002510574
895,1001,1,20001,1,2024-08-01 12:27:41,物穰,光锥,3,1722485400002514774
896,1001,1,20011,1,2024-08-01 12:27:44,渊环,光锥,3,1722485400002517374
897,1001,1,1209,1,2024-08-01 12:27:47,彦卿,角色,5,1722485400002521374
898,1001,1,1009,1,2024-08-01 12:27:52,艾丝妲,角色,4,1722485400002527874
899,1001,1,20014,1,2024-08-01 21:10:13,相抗,光锥,3,1722517800000574574
900,2037,11,1215,1,2024-08-01 21:43:34,寒鸦,角色,4,1722517800002558874
901,2037,11,20015,1,2024-08-01 21:43:47,蕃息,光锥,3,1722517800002569574
902,2037,11,20012,1,2024-08-07 20:48:14,轮契,光锥,3,1723032600000993774
903,2037,11,20006,1,2024-08-07 20:48:18,智库,光锥,3,1723032600000995774
904,2037,11,20013,1,2024-08-07 20:48:21,灵钥,光锥,3,1723032600000997274
905,2037,11,20007,1,2024-08-07 20:48:23,离弦,光锥,3,1723032600000998774
906,2037,11,20007,1,2024-08-07 20:48:26,离弦,光锥,3,1723032600000999274
907,2037,11,20012,1,2024-08-07 20:48:29,轮契,光锥,3,1723032600001000774
908,2037,11,20009,1,2024-08-07 20:48:31,乐圮,光锥,3,1723032600001001874
909,2037,11,21002,1,2024-08-07 20:48:35,余生的第一天,光锥,4,1723032600001003474
910,2037,11,1215,1,2024-08-07 20:48:56,寒鸦,角色,4,1723032600001010174
911,2037,11,20001,1,2024-08-07 20:48:56,物穰,光锥,3,1723032600001010274
912,2037,11,20003,1,2024-08-07 20:48:56,琥珀,光锥,3,1723032600001010374
913,2037,11,1221,1,2024-08-07 20:48:56,云璃,角色,5,1723032600001010474
914,2037,11,20011,1,2024-08-07 20:48:56,渊环,光锥,3,1723032600001010574
915,2037,11,20005,1,2024-08-07 20:48:56,齐颂,光锥,3,1723032600001010674
916,2037,11,20011,1,2024-08-07 20:48:56,渊环,光锥,3,1723032600001010774
917,2037,11,20006,1,2024-08-07 20:48:56,智库,光锥,3,1723032600001010874
918,2037,11,20013,1,2024-08-07 20:48:56,灵钥,光锥,3,1723032600001010974
919,2037,11,20002,1,2024-08-07 20:48:56,天倾,光锥,3,1723032600001011074
920,2037,11,1110,1,2024-08-07 20:49:10,玲可,角色,4,1723032600001013974
921,1001,1,20007,1,2024-08-11 21:53:06,离弦,光锥,3,1723381800000952074
922,1001,1,20001,1,2024-08-11 21:53:09,物穰,光锥,3,1723381800000952474
923,1001,1,20000,1,2024-08-11 21:53:12,锋镝,光锥,3,1723381800000953074
924,1001,1,20000,1,2024-08-11 21:53:15,锋镝,光锥,3,1723381800000954574
925,1001,1,20017,1,2024-08-11 21:53:19,开疆,光锥,3,1723381800000955174
926,1001,1,20001,1,2024-08-12 23:47:26,物穰,光锥,3,1723475400000972574
927,1001,1,20008,1,2024-08-12 23:47:29,嘉果,光锥,3,1723475400000973474
928,1001,1,20008,1,2024-08-12 23:47:32,嘉果,光锥,3,1723475400000973774
929,1001,1,21005,1,2024-08-13 21:35:25,鼹鼠党欢迎你,光锥,4,1723554600000598374
930,1001,1,20010,1,2024-08-13 21:35:28,戍御,光锥,3,1723554600000598974
931,1001,1,20006,1,2024-08-19 22:45:27,智库,光锥,3,1724076600000857174
932,1001,1,20006,1,2024-08-25 06:24:32,智库,光锥,3,1724537400000062574
933,1001,1,20011,1,2024-09-01 14:48:35,渊环,光锥,3,1725171000001240874
934,1001,1,21000,1,2024-09-01 14:48:39,一场术后对话,光锥,4,1725171000001244174
935,1001,1,20010,1,2024-09-01 14:48:45,戍御,光锥,3,1725171000001245874
936,1001,1,20008,1,2024-09-01 14:48:47,嘉果,光锥,3,1725171000001246274
937,1001,1,20009,1,2024-09-01 14:48:50,乐圮,光锥,3,1725171000001246874
938,1001,1,20000,1,2024-09-01 14:48:53,锋镝,光锥,3,1725171000001247074
939,1001,1,20001,1,2024-09-06 18:00:02,物穰,光锥,3,1725617400000000274
940,1001,1,20020,1,2024-09-06 18:00:05,睿见,光锥,3,1725617400000000474
941,1001,1,20013,1,2024-09-06 22:29:04,灵钥,光锥,3,1725631800000392874
942,2039,11,20009,1,2024-09-09 00:00:30,乐圮,光锥,3,1725811800000004074
943,2039,11,20020,1,2024-09-09 00:00:30,睿见,光锥,3,1725811800000004174
944,2039,11,20008,1,2024-09-09 00:00:30,嘉果,光锥,3,1725811800000004274
945,2039,11,20005,1,2024-09-09 00:00:30,齐颂,光锥,3,1725811800000004374
946,2039,11,20015,1,2024-09-09 00:00:30,蕃息,光锥,3,1725811800000004474
947,2039,11,20014,1,2024-09-09 00:00:30,相抗,光锥,3,1725811800000004574
948,2039,11,20019,1,2024-09-09 00:00:30,调和,光锥,3,1725811800000004674
949,2039,11,20007,1,2024-09-09 00:00:30,离弦,光锥,3,1725811800000004774
950,2039,11,1109,1,2024-09-09 00:00:30,虎克,角色,4,1725811800000004874
951,2039,11,20019,1,2024-09-09 00:00:30,调和,光锥,3,1725811800000004974
952,1001,1,20018,1,2024-09-09 23:42:58,匿影,光锥,3,1725894600000253374
953,2041,11,20013,1,2024-09-10 10:51:53,灵钥,光锥,3,1725934200061051574
954,2041,11,20020,1,2024-09-10 10:51:56,睿见,光锥,3,1725934200061094474
955,1001,1,1105,1,2024-09-10 11:31:53,娜塔莎,角色,4,1725937800023885074
956,2041,11,20018,1,2024-09-10 11:32:05,匿影,光锥,3,1725937800024038074
957,1001,1,20014,1,2024-09-15 21:46:26,相抗,光锥,3,1726405800002145474
958,1001,1,20008,1,2024-09-17 16:49:29,嘉果,光锥,3,1726560600001901474
959,2042,11,20002,1,2024-09-17 16:51:55,天倾,光锥,3,1726560600001988874
960,2042,11,20005,1,2024-09-17 16:52:00,齐颂,光锥,3,1726560600001990074
961,2042,11,20002,1,2024-09-17 16:52:06,天倾,光锥,3,1726560600001994674
962,2042,11,20001,1,2024-09-17 16:52:10,物穰,光锥,3,1726560600001995474
963,2042,11,1009,1,2024-09-17 16:52:13,艾丝妲,角色,4,1726560600001996174
964,1001,1,1105,1,2024-09-18 16:43:06,娜塔莎,角色,4,1726647000000560874
965,1001,1,21000,1,2024-09-23 15:27:37,一场术后对话,光锥,4,1727075400000311574
966,1001,1,20003,1,2024-09-24 21:39:12,琥珀,光锥,3,1727183400000591374
967,1001,1,20010,1,2024-09-24 21:39:16,戍御,光锥,3,1727183400000592274
968,2042,11,20011,1,2024-09-26 15:34:58,渊环,光锥,3,1727334600000258074
969,2042,11,20013,1,2024-09-26 15:34:58,灵钥,光锥,3,1727334600000258174
970,2042,11,20013,1,2024-09-26 15:34:58,灵钥,光锥,3,1727334600000258274
971,2042,11,20019,1,2024-09-26 15:34:58,调和,光锥,3,1727334600000258374
972,2042,11,20009,1,2024-09-26 15:34:58,乐圮,光锥,3,1727334600000258474
973,2042,11,20001,1,2024-09-26 15:34:58,物穰,光锥,3,1727334600000258574
974,2042,11,20015,1,2024-09-26 15:34:58,蕃息,光锥,3,1727334600000258674
975,2042,11,20017,1,2024-09-26 15:34:58,开疆,光锥,3,1727334600000258774
976,2042,11,20019,1,2024-09-26 15:34:58,调和,光锥,3,1727334600000258874
977,2042,11,21015,1,2024-09-26 15:34:58,决心如汗珠般闪耀,光锥,4,1727334600000258974
978,1001,1,20004,1,2024-09-28 22:13:12,幽邃,光锥,3,1727532600000156274
979,2042,11,20018,1,2024-09-28 22:13:34,匿影,光锥,3,1727532600000159074
980,2042,11,20009,1,2024-09-28 22:13:34,乐圮,光锥,3,1727532600000159174
981,2042,11,20018,1,2024-09-28 22:13:34,匿影,光锥,3,1727532600000159274
982,2042,11,20012,1,2024-09-28 22:13:34,轮契,光锥,3,1727532600000159374
983,2042,11,20020,1,2024-09-28 22:13:34,睿见,光锥,3,1727532600000159474
984,2042,11,20005,1,2024-09-28 22:13:34,齐颂,光锥,3,1727532600000159574
985,2042,11,20020,1,2024-09-28 22:13:34,睿见,光锥,3,1727532600000159674
986,2042,11,20015,1,2024-09-28 22:13:34,蕃息,光锥,3,1727532600000159774
987,2042,11,20009,1,2024-09-28 22:13:34,乐圮,光锥,3,1727532600000159874
988,2042,11,1111,1,2024-09-28 22:13:34,卢卡,角色,4,1727532600000159974
989,1001,1,20013,1,2024-09-30 15:10:33,灵钥,光锥,3,1727680200000211974
990,1001,1,20017,1,2024-10-01 20:10:57,开疆,光锥,3,1727784600000487874
991,1001,1,20010,1,2024-10-01 20:11:09,戍御,光锥,3,1727784600000497074
992,1001,1,20004,1,2024-10-01 20:11:12,幽邃,光锥,3,1727784600000498474
993,1001,1,20009,1,2024-10-01 20:11:15,乐圮,光锥,3,1727784600000503574
994,1001,1,20019,1,2024-10-01 20:11:18,调和,光锥,3,1727784600000505574
995,2042,11,20006,1,2024-10-01 20:11:47,智库,光锥,3,1727784600000526174
996,2042,11,20017,1,2024-10-01 20:11:47,开疆,光锥,3,1727784600000526274
997,2042,11,20010,1,2024-10-01 20:11:47,戍御,光锥,3,1727784600000526374
998,2042,11,20010,1,2024-10-01 20:11:47,戍御,光锥,3,1727784600000526474
999,2042,11,20009,1,2024-10-01 20:11:47,乐圮,光锥,3,1727784600000526574
1000,2042,11,20013,1,2024-10-01 20:11:47,灵钥,光锥,3,1727784600000526674
1001,2042,11,20015,1,2024-10-01 20:11:47,蕃息,光锥,3,1727784600000526774
1002,2042,11,20012,1,2024-10-01 20:11:47,轮契,光锥,3,1727784600000526874
1003,2042,11,20012,1,2024-10-01 20:11:47,轮契,光锥,3,1727784600000526974
1004,2042,11,1009,1,2024-10-01 20:11:47,艾丝妲,角色,4,1727784600000527074
1005,1001,1,1224,1,2024-10-01 20:28:44,三月七,角色,4,1727784600001289274
1006,1001,1,20020,1,2024-10-01 20:28:49,睿见,光锥,3,1727784600001293074
1007,1001,1,21003,1,2024-10-01 20:28:52,唯有沉默,光锥,4,1727784600001295174
1008,1001,1,20000,1,2024-10-01 20:37:29,锋镝,光锥,3,1727784600001695774
1009,1001,1,20005,1,2024-10-01 20:37:32,齐颂,光锥,3,1727784600001697474
1010,1001,1,20017,1,2024-10-01 20:37:36,开疆,光锥,3,1727784600001701574
1011,1001,1,20006,1,2024-10-01 20:44:51,智库,光锥,3,1727784600002034774
1012,1001,1,20015,1,2024-10-01 20:44:54,蕃息,光锥,3,1727784600002036874
1013,1001,1,20015,1,2024-10-01 20:44:58,蕃息,光锥,3,1727784600002040074
1014,1001,1,20015,1,2024-10-01 21:48:01,蕃息,光锥,3,1727788200002186274
1015,2042,11,20012,1,2024-10-02 08:24:06,轮契,光锥,3,1727827800000396674
1016,2042,11,20015,1,2024-10-02 08:24:06,蕃息,光锥,3,1727827800000396774
1017,2042,11,20019,1,2024-10-02 08:24:06,调和,光锥,3,1727827800000396874
1018,2042,11,20015,1,2024-10-02 08:24:06,蕃息,光锥,3,1727827800000396974
1019,2042,11,1111,1,2024-10-02 08:24:06,卢卡,角色,4,1727827800000397074
1020,2042,11,20020,1,2024-10-02 08:24:06,睿见,光锥,3,1727827800000397174
1021,2042,11,20004,1,2024-10-02 08:24:06,幽邃,光锥,3,1727827800000397274
1022,2042,11,20019,1,2024-10-02 08:24:06,调和,光锥,3,1727827800000397374
1023,2042,11,20010,1,2024-10-02 08:24:06,戍御,光锥,3,1727827800000397474
1024,2042,11,20005,1,2024-10-02 08:24:06,齐颂,光锥,3,1727827800000397574
1025,2042,11,20017,1,2024-10-02 08:24:12,开疆,光锥,3,1727827800000401474
1026,2042,11,20003,1,2024-10-02 08:24:15,琥珀,光锥,3,1727827800000402474
1027,2042,11,20019,1,2024-10-02 08:24:20,调和,光锥,3,1727827800000403574
1028,2042,11,20009,1,2024-10-02 08:24:24,乐圮,光锥,3,1727827800000405174
1029,2042,11,21015,1,2024-10-02 08:24:27,决心如汗珠般闪耀,光锥,4,1727827800000406474
1030,1001,1,1214,1,2024-10-02 08:28:56,雪衣,角色,4,1727827800000485974
1031,1001,1,20010,1,2024-10-02 08:28:59,戍御,光锥,3,1727827800000486574
1032,1001,1,20017,1,2024-10-02 08:29:01,开疆,光锥,3,1727827800000486774
1033,1001,1,20009,1,2024-10-02 08:33:03,乐圮,光锥,3,1727827800000558174
1034,1001,1,20011,1,2024-10-02 08:33:06,渊环,光锥,3,1727827800000558474
1035,1001,1,20019,1,2024-10-02 08:33:08,调和,光锥,3,1727827800000559574
1036,1001,1,20014,1,2024-10-02 15:15:01,相抗,光锥,3,1727853000001639674
1037,1001,1,20018,1,2024-10-02 15:15:04,匿影,光锥,3,1727853000001644274
1038,1001,1,20012,1,2024-10-02 15:15:06,轮契,光锥,3,1727853000001648174
1039,1001,1,20001,1,2024-10-07 22:57:11,物穰,光锥,3,1728310200000877674
1040,1001,1,21015,1,2024-10-08 10:48:39,决心如汗珠般闪耀,光锥,4,1728353400000284074
1041,1001,1,20003,1,2024-10-14 15:54:20,琥珀,光锥,3,1728889800000554774
1042,1001,1,20015,1,2024-10-24 15:06:46,蕃息,光锥,3,1729753800000099674
1043,1001,1,20001,1,2024-11-04 16:27:13,物穰,光锥,3,1730707800000286874
1044,1001,1,20005,1,2024-11-04 16:27:13,齐颂,光锥,3,1730707800000286974
1045,1001,1,20020,1,2024-11-04 16:27:13,睿见,光锥,3,1730707800000287074
1046,1001,1,20005,1,2024-11-04 16:27:13,齐颂,光锥,3,1730707800000287174
1047,1001,1,20018,1,2024-11-04 16:27:13,匿影,光锥,3,1730707800000287274
1048,1001,1,1008,1,2024-11-04 16:27:13,阿兰,角色,4,1730707800000287374
1049,1001,1,20011,1,2024-11-04 16:27:13,渊环,光锥,3,1730707800000287474
1050,1001,1,20007,1,2024-11-04 16:27:13,离弦,光锥,3,1730707800000287574
1051,1001,1,20020,1,2024-11-04 16:27:13,睿见,光锥,3,1730707800000287674
1052,1001,1,20005,1,2024-11-04 16:27:13,齐颂,光锥,3,1730707800000287774
1053,1001,1,20004,1,2024-11-04 16:27:20,幽邃,光锥,3,1730707800000288674
1054,1001,1,20018,1,2024-11-10 13:23:41,匿影,光锥,3,1731215400000298374
1055,1001,1,20011,1,2024-11-10 13:23:44,渊环,光锥,3,1731215400000298974
1056,1001,1,23000,1,2024-11-11 22:37:58,银河铁道之夜,光锥,5,1731334200000506374
1057,1001,1,21005,1,2024-11-18 00:27:00,鼹鼠党欢迎你,光锥,4,1731859800000326674
1058,1001,1,20002,1,2024-11-25 17:06:55,天倾,光锥,3,1732525800000072374
1059,1001,1,20017,1,2024-11-25 17:06:59,开疆,光锥,3,1732525800000072474
1060,1001,1,20018,1,2024-11-25 17:07:02,匿影,光锥,3,1732525800000072774
1061,1001,1,20016,1,2024-12-01 10:12:10,俱殁,光锥,3,1733019000000656274
1062,1001,1,20005,1,2024-12-01 10:12:14,齐颂,光锥,3,1733019000000660074
1063,1001,1,20006,1,2024-12-01 10:12:19,智库,光锥,3,1733019000000662474
1064,1001,1,20009,1,2024-12-01 10:12:22,乐圮,光锥,3,1733019000000664074
1065,1001,1,20004,1,2024-12-01 10:12:26,幽邃,光锥,3,1733019000000665774
1066,1001,1,20015,1,2024-12-02 19:46:37,蕃息,光锥,3,1733137800000751474
1067,1001,1,1111,1,2024-12-02 19:46:41,卢卡,角色,4,1733137800000751974
1068,1001,1,20000,1,2024-12-02 19:46:44,锋镝,光锥,3,1733137800000752674
1069,1001,1,20008,1,2024-12-10 22:02:39,嘉果,光锥,3,1733839800000089474
1070,1001,1,20020,1,2024-12-10 22:02:43,睿见,光锥,3,1733839800000090374
1071,1001,1,20004,1,2024-12-14 02:47:30,幽邃,光锥,3,1734113400000367374
1072,1001,1,20015,1,2024-12-14 02:47:33,蕃息,光锥,3,1734113400000367574
1073,1001,1,20002,1,2024-12-15 00:58:58,天倾,光锥,3,1734192600001224674
1074,1001,1,20001,1,2024-12-15 00:59:01,物穰,光锥,3,1734192600001224874
1075,1001,1,20001,1,2024-12-15 00:59:05,物穰,光锥,3,1734192600001225274
1076,1001,1,21015,1,2024-12-15 00:59:07,决心如汗珠般闪耀,光锥,4,1734192600001225574
1077,1001,1,20003,1,2024-12-15 00:59:10,琥珀,光锥,3,1734192600001226774
1078,1001,1,20018,1,2024-12-16 16:14:35,匿影,光锥,3,1734336600000124474
1079,1001,1,20018,1,2024-12-18 17:36:22,匿影,光锥,3,1734513000000201174
1080,1001,1,20002,1,2024-12-18 17:36:25,天倾,光锥,3,1734513000000201274
1081,1001,1,20016,1,2024-12-23 18:23:51,俱殁,光锥,3,1734948600000232174
1082,1001,1,20010,1,2024-12-23 18:23:55,戍御,光锥,3,1734948600000234074
1083,1001,1,20006,1,2024-12-23 18:23:58,智库,光锥,3,1734948600000235474
1084,1001,1,20013,1,2024-12-23 18:24:00,灵钥,光锥,3,1734948600000235974
1085,1001,1,20008,1,2024-12-23 18:24:03,嘉果,光锥,3,1734948600000236274
1086,2053,11,20007,1,2024-12-25 17:21:38,离弦,光锥,3,1735117800003055974
1087,2053,11,20001,1,2024-12-25 17:21:38,物穰,光锥,3,1735117800003056074
1088,2053,11,20018,1,2024-12-25 17:21:38,匿影,光锥,3,1735117800003056174
1089,2053,11,20020,1,2024-12-25 17:21:38,睿见,光锥,3,1735117800003056274
1090,2053,11,20017,1,2024-12-25 17:21:38,开疆,光锥,3,1735117800003056374
1091,2053,11,20010,1,2024-12-25 17:21:38,戍御,光锥,3,1735117800003056474
1092,2053,11,20003,1,2024-12-25 17:21:38,琥珀,光锥,3,1735117800003056574
1093,2053,11,20008,1,2024-12-25 17:21:38,嘉果,光锥,3,1735117800003056674
1094,2053,11,未知角色,1,2024-12-25 17:21:38,忘归人,角色,5,1735117800003056774
1095,2053,11,1207,1,2024-12-25 17:21:38,驭空,角色,4,1735117800003056874
1096,1001,1,1206,1,2024-12-26 17:48:36,素裳,角色,4,1735204200001227274
1097,1001,1,20012,1,2024-12-26 17:48:40,轮契,光锥,3,1735204200001232474
1098,1001,1,20010,1,2024-12-26 17:48:43,戍御,光锥,3,1735204200001235874
1099,1001,1,20020,1,2025-01-02 00:23:45,睿见,光锥,3,1735747800001120474
